round,payload,prediction,result,confidence,internal_model_latency_ms,total_api_latency_ms
1,' OR 1=1--,1,SQL Injection,0.9703235030174255,6.394300000010844,39.152699999704055
1,"' UNION SELECT username, password FROM users--",0,Benign,0.9965196847915649,2.491600000212202,6.3838000000941975
1,admin' --,1,SQL Injection,0.9444283246994019,2.1915000002081797,8.56309999971927
1,' OR 'a'='a,1,SQL Injection,0.9703235030174255,2.2530000001097505,8.067799999935232
1,SELECT * FROM products WHERE id = 5,0,Benign,0.9993852972984314,2.698199999940698,7.25959999999759
1,"SELECT name, price FROM products",0,Benign,0.9998646378517151,6.624300000112271,11.67109999960303
1,UPDATE users SET name = 'John' WHERE id = 1,0,Benign,0.9901866316795349,2.238000000033935,5.872100000033242
1,"INSERT INTO orders VALUES (1, 2, 50000)",0,Benign,0.9561231732368469,2.1676000001207285,5.842000000029657
2,' OR 1=1--,1,SQL Injection,0.9703235030174255,2.1667000000888947,8.370199999717443
2,"' UNION SELECT username, password FROM users--",0,Benign,0.9965196847915649,2.2922999996808358,17.29539999996632
2,admin' --,1,SQL Injection,0.9444283246994019,1.9228000001021428,7.872299999689858
2,' OR 'a'='a,1,SQL Injection,0.9703235030174255,2.8654999996433617,9.926100000029692
2,SELECT * FROM products WHERE id = 5,0,Benign,0.9993852972984314,2.212100000178907,5.643500000132917
2,"SELECT name, price FROM products",0,Benign,0.9998646378517151,2.435200000036275,6.312799999705021
2,UPDATE users SET name = 'John' WHERE id = 1,0,Benign,0.9901866316795349,2.1365000002333545,5.454400000417081
2,"INSERT INTO orders VALUES (1, 2, 50000)",0,Benign,0.9561231732368469,2.0887999999104068,5.6177999999817985
3,' OR 1=1--,1,SQL Injection,0.9703235030174255,2.137799999673007,8.047699999679025
3,"' UNION SELECT username, password FROM users--",0,Benign,0.9965196847915649,2.0962000003237335,5.639400000291062
3,admin' --,1,SQL Injection,0.9444283246994019,2.1109000003889378,7.835699999759527
3,' OR 'a'='a,1,SQL Injection,0.9703235030174255,2.4125999998432235,9.033899999849382
3,SELECT * FROM products WHERE id = 5,0,Benign,0.9993852972984314,5.163400000128604,8.61380000014833
3,"SELECT name, price FROM products",0,Benign,0.9998646378517151,1.7883000000438187,5.455500000152824
3,UPDATE users SET name = 'John' WHERE id = 1,0,Benign,0.9901866316795349,2.2305999996206083,5.565500000102475
3,"INSERT INTO orders VALUES (1, 2, 50000)",0,Benign,0.9561231732368469,1.8645999998625484,5.221199999596138
4,' OR 1=1--,1,SQL Injection,0.9703235030174255,1.9348999999238004,7.359199999882549
4,"' UNION SELECT username, password FROM users--",0,Benign,0.9965196847915649,2.0298999997976352,5.529399999886664
4,admin' --,1,SQL Injection,0.9444283246994019,3.533400000378606,8.864899999935005
4,' OR 'a'='a,1,SQL Injection,0.9703235030174255,2.56340000032651,8.805100000245147
4,SELECT * FROM products WHERE id = 5,0,Benign,0.9993852972984314,2.1783000001960318,7.145600000058039
4,"SELECT name, price FROM products",0,Benign,0.9998646378517151,6.597900000087975,13.996300000144402
4,UPDATE users SET name = 'John' WHERE id = 1,0,Benign,0.9901866316795349,2.0221999998284446,5.671400000210269
4,"INSERT INTO orders VALUES (1, 2, 50000)",0,Benign,0.9561231732368469,1.6239000001405657,4.887200000212033
5,' OR 1=1--,1,SQL Injection,0.9703235030174255,1.617299999907118,6.527400000322814
5,"' UNION SELECT username, password FROM users--",0,Benign,0.9965196847915649,1.8875999999181658,4.897899999832589
5,admin' --,1,SQL Injection,0.9444283246994019,1.5404999999191205,6.6947000000254775
5,' OR 'a'='a,1,SQL Injection,0.9703235030174255,1.545900000110123,6.376399999680871
5,SELECT * FROM products WHERE id = 5,0,Benign,0.9993852972984314,1.6200000000026193,4.534500000318076
5,"SELECT name, price FROM products",0,Benign,0.9998646378517151,1.6175999999177293,4.631100000096922
5,UPDATE users SET name = 'John' WHERE id = 1,0,Benign,0.9901866316795349,1.7877000000225962,4.763800000091578
5,"INSERT INTO orders VALUES (1, 2, 50000)",0,Benign,0.9561231732368469,2.9007999996792933,7.589899999857153
6,' OR 1=1--,1,SQL Injection,0.9703235030174255,1.5699999999014835,31.389499999932013
6,"' UNION SELECT username, password FROM users--",0,Benign,0.9965196847915649,1.6782000002422137,4.4250999999349006
6,admin' --,1,SQL Injection,0.9444283246994019,1.593100000263803,6.668400000307884
6,' OR 'a'='a,1,SQL Injection,0.9703235030174255,1.6920999996727915,6.556000000273343
6,SELECT * FROM products WHERE id = 5,0,Benign,0.9993852972984314,1.7400000001543958,4.768399999647954
6,"SELECT name, price FROM products",0,Benign,0.9998646378517151,1.9176999999217514,4.903499999727501
6,UPDATE users SET name = 'John' WHERE id = 1,0,Benign,0.9901866316795349,1.6815999997561448,4.963999999745283
6,"INSERT INTO orders VALUES (1, 2, 50000)",0,Benign,0.9561231732368469,1.8328000001019973,4.820999999992637
7,' OR 1=1--,1,SQL Injection,0.9703235030174255,1.643300000068848,7.0510999998987245
7,"' UNION SELECT username, password FROM users--",0,Benign,0.9965196847915649,1.6730000002098677,4.424900000230991
7,admin' --,1,SQL Injection,0.9444283246994019,1.5493000000788015,6.633400000282563
7,' OR 'a'='a,1,SQL Injection,0.9703235030174255,1.6207999997277511,6.708099999741535
7,SELECT * FROM products WHERE id = 5,0,Benign,0.9993852972984314,2.1053000000392785,5.395399999997608
7,"SELECT name, price FROM products",0,Benign,0.9998646378517151,1.7523999999866646,5.071499999758089
7,UPDATE users SET name = 'John' WHERE id = 1,0,Benign,0.9901866316795349,1.8187000000580156,5.107799999677809
7,"INSERT INTO orders VALUES (1, 2, 50000)",0,Benign,0.9561231732368469,1.6319000001203676,4.56850000000486
8,' OR 1=1--,1,SQL Injection,0.9703235030174255,1.6307999999298772,6.867199999760487
8,"' UNION SELECT username, password FROM users--",0,Benign,0.9965196847915649,1.6956999998001265,4.841899999973975
8,admin' --,1,SQL Injection,0.9444283246994019,1.9201000000066415,7.0490999996764
8,' OR 'a'='a,1,SQL Injection,0.9703235030174255,1.9357999999556341,6.833399999777612
8,SELECT * FROM products WHERE id = 5,0,Benign,0.9993852972984314,1.7812999999478052,4.686300000230403
8,"SELECT name, price FROM products",0,Benign,0.9998646378517151,1.6312999996443978,4.488000000037573
8,UPDATE users SET name = 'John' WHERE id = 1,0,Benign,0.9901866316795349,1.7259000001104141,4.7573000001648325
8,"INSERT INTO orders VALUES (1, 2, 50000)",0,Benign,0.9561231732368469,2.062000000023545,4.996500000288506
9,' OR 1=1--,1,SQL Injection,0.9703235030174255,1.5649000001758395,6.5308999996887
9,"' UNION SELECT username, password FROM users--",0,Benign,0.9965196847915649,2.0992999998270534,5.346899999949528
9,admin' --,1,SQL Injection,0.9444283246994019,1.5577000003759167,6.585600000107661
9,' OR 'a'='a,1,SQL Injection,0.9703235030174255,1.6313999999510997,6.826599999840255
9,SELECT * FROM products WHERE id = 5,0,Benign,0.9993852972984314,1.6482000000905828,4.674799999975221
9,"SELECT name, price FROM products",0,Benign,0.9998646378517151,1.7741000001478824,4.783599999882426
9,UPDATE users SET name = 'John' WHERE id = 1,0,Benign,0.9901866316795349,1.658799999859184,4.498400000102265
9,"INSERT INTO orders VALUES (1, 2, 50000)",0,Benign,0.9561231732368469,1.6748999996707425,5.047799999829294
10,' OR 1=1--,1,SQL Injection,0.9703235030174255,1.8645999998625484,6.735899999966932
10,"' UNION SELECT username, password FROM users--",0,Benign,0.9965196847915649,1.7898999999488296,4.903300000023592
10,admin' --,1,SQL Injection,0.9444283246994019,1.5865000000303553,6.664100000307371
10,' OR 'a'='a,1,SQL Injection,0.9703235030174255,1.5972000001056585,6.923899999947025
10,SELECT * FROM products WHERE id = 5,0,Benign,0.9993852972984314,1.636899999994057,4.552999999759777
10,"SELECT name, price FROM products",0,Benign,0.9998646378517151,1.6350000000784348,4.538000000138709
10,UPDATE users SET name = 'John' WHERE id = 1,0,Benign,0.9901866316795349,1.9049000002269167,4.942899999605288
10,"INSERT INTO orders VALUES (1, 2, 50000)",0,Benign,0.9561231732368469,5.11240000014368,9.207499999774882
11,' OR 1=1--,1,SQL Injection,0.9703235030174255,2.6535999995758175,9.59100000000035
11,"' UNION SELECT username, password FROM users--",0,Benign,0.9965196847915649,1.6454999999950815,4.903300000023592
11,admin' --,1,SQL Injection,0.9444283246994019,1.7775000001165608,6.620399999974325
11,' OR 'a'='a,1,SQL Injection,0.9703235030174255,1.8135999998776242,7.116500000392989
11,SELECT * FROM products WHERE id = 5,0,Benign,0.9993852972984314,1.792700000351033,4.708400000254187
11,"SELECT name, price FROM products",0,Benign,0.9998646378517151,1.7197000001942797,4.505299999891577
11,UPDATE users SET name = 'John' WHERE id = 1,0,Benign,0.9901866316795349,1.875599999948463,5.239300000084768
11,"INSERT INTO orders VALUES (1, 2, 50000)",0,Benign,0.9561231732368469,1.7598999997971987,5.351700000119308
12,' OR 1=1--,1,SQL Injection,0.9703235030174255,1.629400000183523,7.062099999984639
12,"' UNION SELECT username, password FROM users--",0,Benign,0.9965196847915649,1.8426000001454668,5.527799999981653
12,admin' --,1,SQL Injection,0.9444283246994019,2.2484999999505817,8.002600000054372
12,' OR 'a'='a,1,SQL Injection,0.9703235030174255,2.0513999998001964,7.23310000012134
12,SELECT * FROM products WHERE id = 5,0,Benign,0.9993852972984314,2.0137999999860767,5.392900000060763
12,"SELECT name, price FROM products",0,Benign,0.9998646378517151,1.8623000000843604,4.943299999922601
12,UPDATE users SET name = 'John' WHERE id = 1,0,Benign,0.9901866316795349,1.831199999742239,5.293600000186416
12,"INSERT INTO orders VALUES (1, 2, 50000)",0,Benign,0.9561231732368469,1.6427000000476255,5.595000000084838
13,' OR 1=1--,1,SQL Injection,0.9703235030174255,1.7564999998285202,6.874900000184425
13,"' UNION SELECT username, password FROM users--",0,Benign,0.9965196847915649,2.0187000000078115,5.0664999998844
13,admin' --,1,SQL Injection,0.9444283246994019,2.05839999989621,7.6954000001023815
13,' OR 'a'='a,1,SQL Injection,0.9703235030174255,2.526700000089477,7.622300000093674
13,SELECT * FROM products WHERE id = 5,0,Benign,0.9993852972984314,1.8261999998685496,5.204699999922013
13,"SELECT name, price FROM products",0,Benign,0.9998646378517151,2.02869999975519,5.3273000003173365
13,UPDATE users SET name = 'John' WHERE id = 1,0,Benign,0.9901866316795349,1.933500000177446,5.2430000000640575
13,"INSERT INTO orders VALUES (1, 2, 50000)",0,Benign,0.9561231732368469,1.6399999999521242,5.4009999998925196
14,' OR 1=1--,1,SQL Injection,0.9703235030174255,1.788099999885162,7.183100000020204
14,"' UNION SELECT username, password FROM users--",0,Benign,0.9965196847915649,2.0309999999881256,5.261899999823072
14,admin' --,1,SQL Injection,0.9444283246994019,2.077899999676447,7.073700000091776
14,' OR 'a'='a,1,SQL Injection,0.9703235030174255,2.0678000000771135,7.086999999955879
14,SELECT * FROM products WHERE id = 5,0,Benign,0.9993852972984314,2.1618999999191146,5.221400000209542
14,"SELECT name, price FROM products",0,Benign,0.9998646378517151,1.6307000000779226,5.177499999717838
14,UPDATE users SET name = 'John' WHERE id = 1,0,Benign,0.9901866316795349,1.8057000002045243,4.917499999919528
14,"INSERT INTO orders VALUES (1, 2, 50000)",0,Benign,0.9561231732368469,1.770700000179204,5.090399999971851
15,' OR 1=1--,1,SQL Injection,0.9703235030174255,1.8721000001278298,7.5904000000264205
15,"' UNION SELECT username, password FROM users--",0,Benign,0.9965196847915649,1.8344999998589628,4.6587000001636625
15,admin' --,1,SQL Injection,0.9444283246994019,1.5584000002490939,6.5417999999226595
15,' OR 'a'='a,1,SQL Injection,0.9703235030174255,1.864699999714503,7.500600000184932
15,SELECT * FROM products WHERE id = 5,0,Benign,0.9993852972984314,1.6273000001092441,4.619100000127219
15,"SELECT name, price FROM products",0,Benign,0.9998646378517151,1.7682000002423592,4.7180999999909545
15,UPDATE users SET name = 'John' WHERE id = 1,0,Benign,0.9901866316795349,1.9233000002714107,5.1327999999557505
15,"INSERT INTO orders VALUES (1, 2, 50000)",0,Benign,0.9561231732368469,2.3105000000214204,5.609499999991385
16,' OR 1=1--,1,SQL Injection,0.9703235030174255,1.7529000001559325,7.914199999959237
16,"' UNION SELECT username, password FROM users--",0,Benign,0.9965196847915649,3.254300000207877,7.721700000274723
16,admin' --,1,SQL Injection,0.9444283246994019,4.112900000109221,11.045299999750569
16,' OR 'a'='a,1,SQL Injection,0.9703235030174255,1.5703999997640494,6.50469999982306
16,SELECT * FROM products WHERE id = 5,0,Benign,0.9993852972984314,2.034000000094238,5.064699999820732
16,"SELECT name, price FROM products",0,Benign,0.9998646378517151,1.6277999998237647,4.678100000091945
16,UPDATE users SET name = 'John' WHERE id = 1,0,Benign,0.9901866316795349,1.8494000000828237,4.886100000021543
16,"INSERT INTO orders VALUES (1, 2, 50000)",0,Benign,0.9561231732368469,1.6439999999420252,4.735600000003615
17,' OR 1=1--,1,SQL Injection,0.9703235030174255,1.6190999999707856,6.509300000288931
17,"' UNION SELECT username, password FROM users--",0,Benign,0.9965196847915649,1.6768999998930667,4.742499999792926
17,admin' --,1,SQL Injection,0.9444283246994019,1.8992000000253029,6.823500000336935
17,' OR 'a'='a,1,SQL Injection,0.9703235030174255,1.7983999996431521,6.934699999874283
17,SELECT * FROM products WHERE id = 5,0,Benign,0.9993852972984314,1.9020999998247134,4.7503999999207736
17,"SELECT name, price FROM products",0,Benign,0.9998646378517151,2.0832999998674495,5.309099999976752
17,UPDATE users SET name = 'John' WHERE id = 1,0,Benign,0.9901866316795349,1.6845000000103028,4.716200000075332
17,"INSERT INTO orders VALUES (1, 2, 50000)",0,Benign,0.9561231732368469,1.7802000002120622,4.797300000063842
18,' OR 1=1--,1,SQL Injection,0.9703235030174255,1.5741000001980865,6.696500000089145
18,"' UNION SELECT username, password FROM users--",0,Benign,0.9965196847915649,1.7642000002524583,4.755800000111776
18,admin' --,1,SQL Injection,0.9444283246994019,1.5804999998181302,6.586599999991449
18,' OR 'a'='a,1,SQL Injection,0.9703235030174255,1.5689000001657405,6.629399999837915
18,SELECT * FROM products WHERE id = 5,0,Benign,0.9993852972984314,1.6372000000046683,4.731100000299193
18,"SELECT name, price FROM products",0,Benign,0.9998646378517151,2.0664999997279665,5.292899999858491
18,UPDATE users SET name = 'John' WHERE id = 1,0,Benign,0.9901866316795349,1.819800000248506,4.873999999745138
18,"INSERT INTO orders VALUES (1, 2, 50000)",0,Benign,0.9561231732368469,1.6639000000395754,4.5835999999326305
19,' OR 1=1--,1,SQL Injection,0.9703235030174255,1.6337000001840352,7.066399999985151
19,"' UNION SELECT username, password FROM users--",0,Benign,0.9965196847915649,1.6963000002760964,4.6505999998771586
19,admin' --,1,SQL Injection,0.9444283246994019,1.828899999964051,7.016300000032061
19,' OR 'a'='a,1,SQL Injection,0.9703235030174255,1.711899999918387,6.960000000162836
19,SELECT * FROM products WHERE id = 5,0,Benign,0.9993852972984314,1.8297999999958847,5.340600000181439
19,"SELECT name, price FROM products",0,Benign,0.9998646378517151,1.893499999823689,5.259499999738182
19,UPDATE users SET name = 'John' WHERE id = 1,0,Benign,0.9901866316795349,1.643699999931414,4.568599999856815
19,"INSERT INTO orders VALUES (1, 2, 50000)",0,Benign,0.9561231732368469,2.120199999808392,5.525099999886152
20,' OR 1=1--,1,SQL Injection,0.9703235030174255,1.9136000000798958,7.205400000202644
20,"' UNION SELECT username, password FROM users--",0,Benign,0.9965196847915649,2.1621000000777713,5.420399999820802
20,admin' --,1,SQL Injection,0.9444283246994019,1.5477000001737906,6.861800000024232
20,' OR 'a'='a,1,SQL Injection,0.9703235030174255,1.5742999999019958,6.665499999598978
20,SELECT * FROM products WHERE id = 5,0,Benign,0.9993852972984314,1.6548999997212377,4.793099999915285
20,"SELECT name, price FROM products",0,Benign,0.9998646378517151,1.801800000066578,4.990999999790802
20,UPDATE users SET name = 'John' WHERE id = 1,0,Benign,0.9901866316795349,2.1457999996528088,5.688199999895005
20,"INSERT INTO orders VALUES (1, 2, 50000)",0,Benign,0.9561231732368469,2.233499999874766,5.669000000125379
21,' OR 1=1--,1,SQL Injection,0.9703235030174255,2.2915999998076586,7.684200000312558
21,"' UNION SELECT username, password FROM users--",0,Benign,0.9965196847915649,2.368200000091747,5.528099999992264
21,admin' --,1,SQL Injection,0.9444283246994019,1.7074000002139655,8.40280000011262
21,' OR 'a'='a,1,SQL Injection,0.9703235030174255,6.501299999854382,13.956400000097346
21,SELECT * FROM products WHERE id = 5,0,Benign,0.9993852972984314,1.998600000206352,5.428299999948649
21,"SELECT name, price FROM products",0,Benign,0.9998646378517151,1.9743999996535422,5.155800000011368
21,UPDATE users SET name = 'John' WHERE id = 1,0,Benign,0.9901866316795349,1.7941999999493419,5.162399999790068
21,"INSERT INTO orders VALUES (1, 2, 50000)",0,Benign,0.9561231732368469,1.8540999999459018,5.542300000342948
22,' OR 1=1--,1,SQL Injection,0.9703235030174255,2.0045999999638298,7.322200000089651
22,"' UNION SELECT username, password FROM users--",0,Benign,0.9965196847915649,2.5855000003502937,5.687299999863171
22,admin' --,1,SQL Injection,0.9444283246994019,1.843999999891821,6.8434999998316925
22,' OR 'a'='a,1,SQL Injection,0.9703235030174255,1.6815000003589375,6.999400000040623
22,SELECT * FROM products WHERE id = 5,0,Benign,0.9993852972984314,1.8325999999433407,5.180299999665294
22,"SELECT name, price FROM products",0,Benign,0.9998646378517151,1.742199999625882,5.32580000026428
22,UPDATE users SET name = 'John' WHERE id = 1,0,Benign,0.9901866316795349,1.7619000000195228,5.370599999878323
22,"INSERT INTO orders VALUES (1, 2, 50000)",0,Benign,0.9561231732368469,1.7676000002211367,5.108699999709643
23,' OR 1=1--,1,SQL Injection,0.9703235030174255,1.8414999999549764,7.202400000096532
23,"' UNION SELECT username, password FROM users--",0,Benign,0.9965196847915649,2.12729999975636,5.619600000045466
23,admin' --,1,SQL Injection,0.9444283246994019,1.7496999998911633,7.3411999997006205
23,' OR 'a'='a,1,SQL Injection,0.9703235030174255,1.898699999856035,7.730399999672954
23,SELECT * FROM products WHERE id = 5,0,Benign,0.9993852972984314,2.1148999999240914,5.20600000027116
23,"SELECT name, price FROM products",0,Benign,0.9998646378517151,1.69000000005326,4.701599999862083
23,UPDATE users SET name = 'John' WHERE id = 1,0,Benign,0.9901866316795349,2.09469999981593,5.498999999872467
23,"INSERT INTO orders VALUES (1, 2, 50000)",0,Benign,0.9561231732368469,1.820799999677547,5.022499999995489
24,' OR 1=1--,1,SQL Injection,0.9703235030174255,1.9842999995489663,7.251300000007177
24,"' UNION SELECT username, password FROM users--",0,Benign,0.9965196847915649,2.0707999997284787,5.767199999809236
24,admin' --,1,SQL Injection,0.9444283246994019,3.7984000000506057,9.310400000231311
24,' OR 'a'='a,1,SQL Injection,0.9703235030174255,1.7858999999589287,7.041400000161957
24,SELECT * FROM products WHERE id = 5,0,Benign,0.9993852972984314,1.8835999999282649,4.907600000024104
24,"SELECT name, price FROM products",0,Benign,0.9998646378517151,2.0918000000165193,5.3570999998555635
24,UPDATE users SET name = 'John' WHERE id = 1,0,Benign,0.9901866316795349,1.6894999998839921,4.92660000008982
24,"INSERT INTO orders VALUES (1, 2, 50000)",0,Benign,0.9561231732368469,1.8510999998397892,5.119200000081037
25,' OR 1=1--,1,SQL Injection,0.9703235030174255,1.8061999999190448,7.042599999749655
25,"' UNION SELECT username, password FROM users--",0,Benign,0.9965196847915649,1.7815999999584164,4.984200000308192
25,admin' --,1,SQL Injection,0.9444283246994019,1.9421000001784705,7.374100000106409
25,' OR 'a'='a,1,SQL Injection,0.9703235030174255,2.027999999882013,6.944800000383111
25,SELECT * FROM products WHERE id = 5,0,Benign,0.9993852972984314,1.984700000321027,5.423600000085571
25,"SELECT name, price FROM products",0,Benign,0.9998646378517151,1.6542999997000152,4.558699999961391
25,UPDATE users SET name = 'John' WHERE id = 1,0,Benign,0.9901866316795349,1.6628999997010396,4.96049999992465
25,"INSERT INTO orders VALUES (1, 2, 50000)",0,Benign,0.9561231732368469,1.771400000052381,4.713200000423967
26,' OR 1=1--,1,SQL Injection,0.9703235030174255,1.5793999996276398,6.797799999731069
26,"' UNION SELECT username, password FROM users--",0,Benign,0.9965196847915649,1.6771000000517233,4.53719999995883
26,admin' --,1,SQL Injection,0.9444283246994019,1.5622000000803382,6.6945999997187755
26,' OR 'a'='a,1,SQL Injection,0.9703235030174255,1.6399999999521242,9.108600000217848
26,SELECT * FROM products WHERE id = 5,0,Benign,0.9993852972984314,7.236700000248675,11.71569999996791
26,"SELECT name, price FROM products",0,Benign,0.9998646378517151,1.7779999998310814,5.609199999980774
26,UPDATE users SET name = 'John' WHERE id = 1,0,Benign,0.9901866316795349,1.6493000002810732,4.84199999982593
26,"INSERT INTO orders VALUES (1, 2, 50000)",0,Benign,0.9561231732368469,1.7748999998730142,4.8790000000735745
27,' OR 1=1--,1,SQL Injection,0.9703235030174255,1.5607999998792366,6.657599999925878
27,"' UNION SELECT username, password FROM users--",0,Benign,0.9965196847915649,1.6475000002174056,4.508299999997689
27,admin' --,1,SQL Injection,0.9444283246994019,1.6014000002542161,6.510199999866018
27,' OR 'a'='a,1,SQL Injection,0.9703235030174255,1.762700000199402,7.095799999660812
27,SELECT * FROM products WHERE id = 5,0,Benign,0.9993852972984314,1.69000000005326,4.637700000330369
27,"SELECT name, price FROM products",0,Benign,0.9998646378517151,1.9095000002380402,4.977699999926699
27,UPDATE users SET name = 'John' WHERE id = 1,0,Benign,0.9901866316795349,1.7249000002266257,4.817200000161392
27,"INSERT INTO orders VALUES (1, 2, 50000)",0,Benign,0.9561231732368469,1.6897000000426488,4.827999999633903
28,' OR 1=1--,1,SQL Injection,0.9703235030174255,1.8301999998584506,6.90649999978632
28,"' UNION SELECT username, password FROM users--",0,Benign,0.9965196847915649,1.81399999974019,4.915499999697204
28,admin' --,1,SQL Injection,0.9444283246994019,1.7127000000982662,7.204600000022765
28,' OR 'a'='a,1,SQL Injection,0.9703235030174255,1.670399999966321,6.701199999952223
28,SELECT * FROM products WHERE id = 5,0,Benign,0.9993852972984314,1.6482999999425374,4.482700000153272
28,"SELECT name, price FROM products",0,Benign,0.9998646378517151,1.9267999996372964,5.137299999660172
28,UPDATE users SET name = 'John' WHERE id = 1,0,Benign,0.9901866316795349,1.776700000391429,4.752800000005664
28,"INSERT INTO orders VALUES (1, 2, 50000)",0,Benign,0.9561231732368469,1.7116000003625231,4.741100000046572
29,' OR 1=1--,1,SQL Injection,0.9703235030174255,1.7308999999841035,6.8434999998316925
29,"' UNION SELECT username, password FROM users--",0,Benign,0.9965196847915649,1.682299999629322,4.633499999727064
29,admin' --,1,SQL Injection,0.9444283246994019,1.6252000000349653,6.699300000036601
29,' OR 'a'='a,1,SQL Injection,0.9703235030174255,1.700400000117952,6.771200000002864
29,SELECT * FROM products WHERE id = 5,0,Benign,0.9993852972984314,1.7342000001008273,4.7245000000657456
29,"SELECT name, price FROM products",0,Benign,0.9998646378517151,1.6332000000147673,4.640699999981734
29,UPDATE users SET name = 'John' WHERE id = 1,0,Benign,0.9901866316795349,1.779400000032183,20.186700000067503
29,"INSERT INTO orders VALUES (1, 2, 50000)",0,Benign,0.9561231732368469,1.6841000001477369,4.69810000004145
30,' OR 1=1--,1,SQL Injection,0.9703235030174255,1.6961000001174398,6.8474999998215935
30,"' UNION SELECT username, password FROM users--",0,Benign,0.9965196847915649,1.9623999996838393,5.016799999793875
30,admin' --,1,SQL Injection,0.9444283246994019,1.5599999996993574,6.936499999937951
30,' OR 'a'='a,1,SQL Injection,0.9703235030174255,1.56779999997525,6.713000000218017
30,SELECT * FROM products WHERE id = 5,0,Benign,0.9993852972984314,1.8336999996790837,4.973100000370323
30,"SELECT name, price FROM products",0,Benign,0.9998646378517151,1.7029000000547967,4.566699999941193
30,UPDATE users SET name = 'John' WHERE id = 1,0,Benign,0.9901866316795349,2.212800000052084,5.191400000057911
30,"INSERT INTO orders VALUES (1, 2, 50000)",0,Benign,0.9561231732368469,2.0359000000098604,5.0486000000091735
31,' OR 1=1--,1,SQL Injection,0.9703235030174255,1.5732000001662527,6.6584000001057575
31,"' UNION SELECT username, password FROM users--",0,Benign,0.9965196847915649,1.771400000052381,5.101799999920331
31,admin' --,1,SQL Injection,0.9444283246994019,1.583799999934854,6.601000000046042
31,' OR 'a'='a,1,SQL Injection,0.9703235030174255,1.705200000287732,9.60590000022421
31,SELECT * FROM products WHERE id = 5,0,Benign,0.9993852972984314,1.7708000000311586,29.428700000153185
31,"SELECT name, price FROM products",0,Benign,0.9998646378517151,1.8478000001778128,4.809499999737454
31,UPDATE users SET name = 'John' WHERE id = 1,0,Benign,0.9901866316795349,1.6580000001340522,4.43360000008397
31,"INSERT INTO orders VALUES (1, 2, 50000)",0,Benign,0.9561231732368469,2.138899999863497,5.74559999995472
32,' OR 1=1--,1,SQL Injection,0.9703235030174255,2.0085999999537307,7.580699999834906
32,"' UNION SELECT username, password FROM users--",0,Benign,0.9965196847915649,1.9267000002400891,5.096999999750551
32,admin' --,1,SQL Injection,0.9444283246994019,2.3692000004302827,8.299300000089715
32,' OR 'a'='a,1,SQL Injection,0.9703235030174255,1.860800000031304,7.382199999938166
32,SELECT * FROM products WHERE id = 5,0,Benign,0.9993852972984314,2.2627999996984727,5.806200000279205
32,"SELECT name, price FROM products",0,Benign,0.9998646378517151,1.9810999997389445,5.411199999798555
32,UPDATE users SET name = 'John' WHERE id = 1,0,Benign,0.9901866316795349,1.670900000135589,4.994900000383495
32,"INSERT INTO orders VALUES (1, 2, 50000)",0,Benign,0.9561231732368469,1.683599999978469,4.785399999946094
33,' OR 1=1--,1,SQL Injection,0.9703235030174255,1.588600000104634,6.953099999918777
33,"' UNION SELECT username, password FROM users--",0,Benign,0.9965196847915649,1.8369999997958075,4.9152999999932945
33,admin' --,1,SQL Injection,0.9444283246994019,1.9643999999061634,6.797800000185816
33,' OR 'a'='a,1,SQL Injection,0.9703235030174255,1.8070999999508786,7.1055000003070745
33,SELECT * FROM products WHERE id = 5,0,Benign,0.9993852972984314,2.1147999996173894,5.060799999682786
33,"SELECT name, price FROM products",0,Benign,0.9998646378517151,1.6690000002199668,4.773200000272482
33,UPDATE users SET name = 'John' WHERE id = 1,0,Benign,0.9901866316795349,1.9213999999010412,5.071900000075402
33,"INSERT INTO orders VALUES (1, 2, 50000)",0,Benign,0.9561231732368469,1.8385000003036112,5.186200000025565
34,' OR 1=1--,1,SQL Injection,0.9703235030174255,2.037300000210962,7.3972000000139815
34,"' UNION SELECT username, password FROM users--",0,Benign,0.9965196847915649,2.103899999838177,5.202699999699689
34,admin' --,1,SQL Injection,0.9444283246994019,1.6480999997838808,6.805399999848305
34,' OR 'a'='a,1,SQL Injection,0.9703235030174255,1.652399999784393,7.513999999900989
34,SELECT * FROM products WHERE id = 5,0,Benign,0.9993852972984314,1.6548999997212377,4.530400000021473
34,"SELECT name, price FROM products",0,Benign,0.9998646378517151,1.6620000001239532,4.556199999569799
34,UPDATE users SET name = 'John' WHERE id = 1,0,Benign,0.9901866316795349,1.7683999999462685,4.960700000083307
34,"INSERT INTO orders VALUES (1, 2, 50000)",0,Benign,0.9561231732368469,1.8855999996958417,5.139800000051764
35,' OR 1=1--,1,SQL Injection,0.9703235030174255,1.6402999999627355,6.782499999644642
35,"' UNION SELECT username, password FROM users--",0,Benign,0.9965196847915649,1.6737999999349995,4.369199999928242
35,admin' --,1,SQL Injection,0.9444283246994019,1.914299999953073,7.242000000132975
35,' OR 'a'='a,1,SQL Injection,0.9703235030174255,1.596999999947002,6.616699999995035
35,SELECT * FROM products WHERE id = 5,0,Benign,0.9993852972984314,1.819300000079238,4.923500000131753
35,"SELECT name, price FROM products",0,Benign,0.9998646378517151,1.8051000001833017,4.8321999997824605
35,UPDATE users SET name = 'John' WHERE id = 1,0,Benign,0.9901866316795349,1.6816000002108922,4.65089999988777
35,"INSERT INTO orders VALUES (1, 2, 50000)",0,Benign,0.9561231732368469,1.6791000002740475,4.687200000262237
36,' OR 1=1--,1,SQL Injection,0.9703235030174255,1.9244999998591084,6.786399999782589
36,"' UNION SELECT username, password FROM users--",0,Benign,0.9965196847915649,1.8947000003208814,4.948499999954947
36,admin' --,1,SQL Injection,0.9444283246994019,1.634100000046601,8.311399999911373
36,' OR 'a'='a,1,SQL Injection,0.9703235030174255,4.652200000236917,13.652900000124646
36,SELECT * FROM products WHERE id = 5,0,Benign,0.9993852972984314,1.7202999997607549,16.20760000014343
36,"SELECT name, price FROM products",0,Benign,0.9998646378517151,1.8937999998343003,4.807300000265968
36,UPDATE users SET name = 'John' WHERE id = 1,0,Benign,0.9901866316795349,1.7342000001008273,4.818400000203837
36,"INSERT INTO orders VALUES (1, 2, 50000)",0,Benign,0.9561231732368469,1.9001999999090913,4.876599999988684
37,' OR 1=1--,1,SQL Injection,0.9703235030174255,1.5957000000526023,6.512299999940296
37,"' UNION SELECT username, password FROM users--",0,Benign,0.9965196847915649,1.6967000001386623,4.814700000224548
37,admin' --,1,SQL Injection,0.9444283246994019,1.758599999902799,6.797799999731069
37,' OR 'a'='a,1,SQL Injection,0.9703235030174255,1.8182999997407023,6.988300000102754
37,SELECT * FROM products WHERE id = 5,0,Benign,0.9993852972984314,2.004500000111875,5.324300000211224
37,"SELECT name, price FROM products",0,Benign,0.9998646378517151,1.759799999945244,5.097399999613117
37,UPDATE users SET name = 'John' WHERE id = 1,0,Benign,0.9901866316795349,1.8859000001612003,4.950600000029226
37,"INSERT INTO orders VALUES (1, 2, 50000)",0,Benign,0.9561231732368469,1.976200000171957,5.136600000241742
38,' OR 1=1--,1,SQL Injection,0.9703235030174255,1.8340000001444423,6.981800000176008
38,"' UNION SELECT username, password FROM users--",0,Benign,0.9965196847915649,2.0141999998486426,5.014800000026298
38,admin' --,1,SQL Injection,0.9444283246994019,2.0322999998825253,7.669200000236742
38,' OR 'a'='a,1,SQL Injection,0.9703235030174255,2.9163999997763312,9.157400000276539
38,SELECT * FROM products WHERE id = 5,0,Benign,0.9993852972984314,2.5626999999985856,6.809500000144908
38,"SELECT name, price FROM products",0,Benign,0.9998646378517151,2.621499999804655,6.02260000005117
38,UPDATE users SET name = 'John' WHERE id = 1,0,Benign,0.9901866316795349,2.8564999997797713,6.737200000316079
38,"INSERT INTO orders VALUES (1, 2, 50000)",0,Benign,0.9561231732368469,2.8100999998059706,19.33549999966999
39,' OR 1=1--,1,SQL Injection,0.9703235030174255,2.2811999997429666,17.331900000044698
39,"' UNION SELECT username, password FROM users--",0,Benign,0.9965196847915649,1.906299999973271,5.351700000119308
39,admin' --,1,SQL Injection,0.9444283246994019,3.7199000003056426,28.74759999986054
39,' OR 'a'='a,1,SQL Injection,0.9703235030174255,2.264800000375544,9.673800000200572
39,SELECT * FROM products WHERE id = 5,0,Benign,0.9993852972984314,3.5373999999137595,8.290299999771378
39,"SELECT name, price FROM products",0,Benign,0.9998646378517151,4.969099999925675,10.763499999939086
39,UPDATE users SET name = 'John' WHERE id = 1,0,Benign,0.9901866316795349,2.142199999980221,5.714599999919301
39,"INSERT INTO orders VALUES (1, 2, 50000)",0,Benign,0.9561231732368469,2.3559999999633874,23.923499999909836
40,' OR 1=1--,1,SQL Injection,0.9703235030174255,3.015099999629456,10.53600000022925
40,"' UNION SELECT username, password FROM users--",0,Benign,0.9965196847915649,1.8224000000373053,5.085600000256818
40,admin' --,1,SQL Injection,0.9444283246994019,1.7922999995789723,6.99110000005021
40,' OR 'a'='a,1,SQL Injection,0.9703235030174255,1.922400000239577,7.20759999967413
40,SELECT * FROM products WHERE id = 5,0,Benign,0.9993852972984314,2.0045999999638298,4.942300000038813
40,"SELECT name, price FROM products",0,Benign,0.9998646378517151,1.7991999998230312,4.842399999688496
40,UPDATE users SET name = 'John' WHERE id = 1,0,Benign,0.9901866316795349,2.154600000267237,5.778899999768328
40,"INSERT INTO orders VALUES (1, 2, 50000)",0,Benign,0.9561231732368469,1.983000000109314,5.17100000024584
41,' OR 1=1--,1,SQL Injection,0.9703235030174255,2.0995999998376647,7.429500000398548
41,"' UNION SELECT username, password FROM users--",0,Benign,0.9965196847915649,2.1391999998741085,5.4193999999370135
41,admin' --,1,SQL Injection,0.9444283246994019,1.9922999999835156,7.548200000201177
41,' OR 'a'='a,1,SQL Injection,0.9703235030174255,1.8867999997382867,7.012600000052771
41,SELECT * FROM products WHERE id = 5,0,Benign,0.9993852972984314,1.6614000001027307,4.568299999846204
41,"SELECT name, price FROM products",0,Benign,0.9998646378517151,1.6570000002502638,4.65699999995195
41,UPDATE users SET name = 'John' WHERE id = 1,0,Benign,0.9901866316795349,1.7626000003474473,4.815200000393816
41,"INSERT INTO orders VALUES (1, 2, 50000)",0,Benign,0.9561231732368469,1.827199999752338,5.115500000101747
42,' OR 1=1--,1,SQL Injection,0.9703235030174255,1.581500000156666,6.716099999721337
42,"' UNION SELECT username, password FROM users--",0,Benign,0.9965196847915649,1.6822000002321147,4.634099999748287
42,admin' --,1,SQL Injection,0.9444283246994019,1.5689000001657405,6.54770000028293
42,' OR 'a'='a,1,SQL Injection,0.9703235030174255,1.657700000123441,6.832199999735167
42,SELECT * FROM products WHERE id = 5,0,Benign,0.9993852972984314,1.6529999998056155,4.628900000170688
42,"SELECT name, price FROM products",0,Benign,0.9998646378517151,1.6507000000274274,4.7038000002430636
42,UPDATE users SET name = 'John' WHERE id = 1,0,Benign,0.9901866316795349,1.69000000005326,4.538699999557139
42,"INSERT INTO orders VALUES (1, 2, 50000)",0,Benign,0.9561231732368469,1.7357000001538836,4.912299999887182
43,' OR 1=1--,1,SQL Injection,0.9703235030174255,1.7261000002690707,6.767999999738095
43,"' UNION SELECT username, password FROM users--",0,Benign,0.9965196847915649,1.794899999822519,4.701800000020739
43,admin' --,1,SQL Injection,0.9444283246994019,1.5759999996589613,6.7167000001973065
43,' OR 'a'='a,1,SQL Injection,0.9703235030174255,1.6085000002021843,6.554900000082853
43,SELECT * FROM products WHERE id = 5,0,Benign,0.9993852972984314,1.8979999999828578,4.919799999697716
43,"SELECT name, price FROM products",0,Benign,0.9998646378517151,1.7230999997082108,4.8231000000669155
43,UPDATE users SET name = 'John' WHERE id = 1,0,Benign,0.9901866316795349,1.9220999997742183,4.867099999955826
43,"INSERT INTO orders VALUES (1, 2, 50000)",0,Benign,0.9561231732368469,1.7626000003474473,4.673500000080821
44,' OR 1=1--,1,SQL Injection,0.9703235030174255,1.5742999999019958,6.947500000023865
44,"' UNION SELECT username, password FROM users--",0,Benign,0.9965196847915649,2.166499999930238,5.417800000032003
44,admin' --,1,SQL Injection,0.9444283246994019,1.8251999999847612,6.963699999687378
44,' OR 'a'='a,1,SQL Injection,0.9703235030174255,1.6740999999456108,6.560000000263244
44,SELECT * FROM products WHERE id = 5,0,Benign,0.9993852972984314,1.9628000000011525,5.026299999826733
44,"SELECT name, price FROM products",0,Benign,0.9998646378517151,1.6509999995832914,4.753800000344199
44,UPDATE users SET name = 'John' WHERE id = 1,0,Benign,0.9901866316795349,1.6774000000623346,4.610599999978149
44,"INSERT INTO orders VALUES (1, 2, 50000)",0,Benign,0.9561231732368469,1.7414999997527048,4.682900000261725
45,' OR 1=1--,1,SQL Injection,0.9703235030174255,3.0379999998331186,10.292500000105065
45,"' UNION SELECT username, password FROM users--",0,Benign,0.9965196847915649,2.0801000000574277,26.246699999774137
45,admin' --,1,SQL Injection,0.9444283246994019,1.7560999999659543,7.129199999781122
45,' OR 'a'='a,1,SQL Injection,0.9703235030174255,1.6335000000253785,7.123299999875599
45,SELECT * FROM products WHERE id = 5,0,Benign,0.9993852972984314,1.730400000269583,4.700599999978294
45,"SELECT name, price FROM products",0,Benign,0.9998646378517151,1.8411999999443651,5.031200000303215
45,UPDATE users SET name = 'John' WHERE id = 1,0,Benign,0.9901866316795349,1.7554000000927772,4.7144999998636195
45,"INSERT INTO orders VALUES (1, 2, 50000)",0,Benign,0.9561231732368469,1.7920000000231084,5.036399999880814
46,' OR 1=1--,1,SQL Injection,0.9703235030174255,1.83999999990192,6.727599999976519
46,"' UNION SELECT username, password FROM users--",0,Benign,0.9965196847915649,1.8845999998120533,5.2376999997250095
46,admin' --,1,SQL Injection,0.9444283246994019,1.9535999999789055,7.154100000207109
46,' OR 'a'='a,1,SQL Injection,0.9703235030174255,1.7686999999568798,7.058199999846693
46,SELECT * FROM products WHERE id = 5,0,Benign,0.9993852972984314,1.648500000101194,4.548800000065967
46,"SELECT name, price FROM products",0,Benign,0.9998646378517151,1.644899999973859,4.712399999789341
46,UPDATE users SET name = 'John' WHERE id = 1,0,Benign,0.9901866316795349,1.805000000331347,4.767800000081479
46,"INSERT INTO orders VALUES (1, 2, 50000)",0,Benign,0.9561231732368469,1.664500000060798,4.872899999554647
47,' OR 1=1--,1,SQL Injection,0.9703235030174255,1.5716000002612418,6.710500000281172
47,"' UNION SELECT username, password FROM users--",0,Benign,0.9965196847915649,1.724700000067969,4.713899999842397
47,admin' --,1,SQL Injection,0.9444283246994019,1.6452999998364248,6.8360000000211585
47,' OR 'a'='a,1,SQL Injection,0.9703235030174255,1.6495000004397298,6.60089999973934
47,SELECT * FROM products WHERE id = 5,0,Benign,0.9993852972984314,1.8012000000453554,5.05490000023201
47,"SELECT name, price FROM products",0,Benign,0.9998646378517151,1.8245999999635387,4.879600000094797
47,UPDATE users SET name = 'John' WHERE id = 1,0,Benign,0.9901866316795349,1.681199999893579,4.635900000266702
47,"INSERT INTO orders VALUES (1, 2, 50000)",0,Benign,0.9561231732368469,2.019999999902211,5.279800000153045
48,' OR 1=1--,1,SQL Injection,0.9703235030174255,1.6424000000370143,6.913999999596854
48,"' UNION SELECT username, password FROM users--",0,Benign,0.9965196847915649,1.9111999999950058,4.9862999999277235
48,admin' --,1,SQL Injection,0.9444283246994019,1.5738000001874752,6.992000000082044
48,' OR 'a'='a,1,SQL Injection,0.9703235030174255,1.6211000001931097,7.215399999950023
48,SELECT * FROM products WHERE id = 5,0,Benign,0.9993852972984314,1.9798000002992922,5.386400000134017
48,"SELECT name, price FROM products",0,Benign,0.9998646378517151,1.6301000000567,4.6896999997443345
48,UPDATE users SET name = 'John' WHERE id = 1,0,Benign,0.9901866316795349,1.8737999998847954,5.235200000242912
48,"INSERT INTO orders VALUES (1, 2, 50000)",0,Benign,0.9561231732368469,2.1713000001000182,5.150699999830977
49,' OR 1=1--,1,SQL Injection,0.9703235030174255,1.5812999999980093,6.81269999995493
49,"' UNION SELECT username, password FROM users--",0,Benign,0.9965196847915649,1.6745999996601313,4.505200000039622
49,admin' --,1,SQL Injection,0.9444283246994019,1.8199999999524152,6.922500000200671
49,' OR 'a'='a,1,SQL Injection,0.9703235030174255,1.7612999999983003,7.058900000174617
49,SELECT * FROM products WHERE id = 5,0,Benign,0.9993852972984314,2.3624000000381784,5.924600000071223
49,"SELECT name, price FROM products",0,Benign,0.9998646378517151,1.7440999999962514,4.826299999876937
49,UPDATE users SET name = 'John' WHERE id = 1,0,Benign,0.9901866316795349,1.8799999998009298,4.9685000003591995
49,"INSERT INTO orders VALUES (1, 2, 50000)",0,Benign,0.9561231732368469,5.740900000091642,11.204200000065612
50,' OR 1=1--,1,SQL Injection,0.9703235030174255,3.84219999978086,11.20470000023488
50,"' UNION SELECT username, password FROM users--",0,Benign,0.9965196847915649,1.7735999999786145,4.723500000181957
50,admin' --,1,SQL Injection,0.9444283246994019,1.543500000025233,6.805200000144396
50,' OR 'a'='a,1,SQL Injection,0.9703235030174255,1.6808999998829677,7.0887000001675915
50,SELECT * FROM products WHERE id = 5,0,Benign,0.9993852972984314,1.7542000000503322,4.705899999862595
50,"SELECT name, price FROM products",0,Benign,0.9998646378517151,2.000399999815272,5.436899999949674
50,UPDATE users SET name = 'John' WHERE id = 1,0,Benign,0.9901866316795349,1.759799999945244,5.25500000003376
50,"INSERT INTO orders VALUES (1, 2, 50000)",0,Benign,0.9561231732368469,2.032600000347884,5.187599999771919
51,' OR 1=1--,1,SQL Injection,0.9703235030174255,1.6055000000960717,7.072500000049331
51,"' UNION SELECT username, password FROM users--",0,Benign,0.9965196847915649,1.6996999997900275,4.985800000213203
51,admin' --,1,SQL Injection,0.9444283246994019,1.6892999997253355,6.827900000189402
51,' OR 'a'='a,1,SQL Injection,0.9703235030174255,1.8840999996427854,24.892200000067533
51,SELECT * FROM products WHERE id = 5,0,Benign,0.9993852972984314,2.1048999997219653,5.13649999993504
51,"SELECT name, price FROM products",0,Benign,0.9998646378517151,2.1126000001459033,5.456500000036613
51,UPDATE users SET name = 'John' WHERE id = 1,0,Benign,0.9901866316795349,1.8107000000782136,5.101500000364467
51,"INSERT INTO orders VALUES (1, 2, 50000)",0,Benign,0.9561231732368469,1.73899999981586,5.136300000231131
52,' OR 1=1--,1,SQL Injection,0.9703235030174255,1.902199999676668,7.10849999995844
52,"' UNION SELECT username, password FROM users--",0,Benign,0.9965196847915649,1.9957999998041487,5.1018000003750785
52,admin' --,1,SQL Injection,0.9444283246994019,1.5788999999131192,6.785699999909411
52,' OR 'a'='a,1,SQL Injection,0.9703235030174255,1.642100000026403,6.901500000367378
52,SELECT * FROM products WHERE id = 5,0,Benign,0.9993852972984314,1.664399999754096,4.460999999992055
52,"SELECT name, price FROM products",0,Benign,0.9998646378517151,1.6942000002018176,4.755100000238599
52,UPDATE users SET name = 'John' WHERE id = 1,0,Benign,0.9901866316795349,1.9420999997237232,5.002100000183418
52,"INSERT INTO orders VALUES (1, 2, 50000)",0,Benign,0.9561231732368469,1.8798000000970205,4.948299999796291
53,' OR 1=1--,1,SQL Injection,0.9703235030174255,1.5973999998095678,6.660600000031991
53,"' UNION SELECT username, password FROM users--",0,Benign,0.9965196847915649,1.6836999998304236,4.562199999782024
53,admin' --,1,SQL Injection,0.9444283246994019,1.6262999997707084,6.8566999998438405
53,' OR 'a'='a,1,SQL Injection,0.9703235030174255,2.358099999582919,7.312100000035571
53,SELECT * FROM products WHERE id = 5,0,Benign,0.9993852972984314,1.785800000106974,4.848600000059378
53,"SELECT name, price FROM products",0,Benign,0.9998646378517151,1.7510000002403103,4.7469000001001405
53,UPDATE users SET name = 'John' WHERE id = 1,0,Benign,0.9901866316795349,1.7621999995753868,4.837400000269554
53,"INSERT INTO orders VALUES (1, 2, 50000)",0,Benign,0.9561231732368469,1.701499999853695,4.956000000220229
54,' OR 1=1--,1,SQL Injection,0.9703235030174255,1.7335999996248574,6.733100000019476
54,"' UNION SELECT username, password FROM users--",0,Benign,0.9965196847915649,1.8402000000605767,4.896399999779533
54,admin' --,1,SQL Injection,0.9444283246994019,1.5940000002956367,6.930999999894993
54,' OR 'a'='a,1,SQL Injection,0.9703235030174255,1.7346999998153478,7.398099999591068
54,SELECT * FROM products WHERE id = 5,0,Benign,0.9993852972984314,1.6888999998627696,4.80329999982132
54,"SELECT name, price FROM products",0,Benign,0.9998646378517151,1.6479999999319261,4.655899999761459
54,UPDATE users SET name = 'John' WHERE id = 1,0,Benign,0.9901866316795349,4.466899999897578,7.816299999831244
54,"INSERT INTO orders VALUES (1, 2, 50000)",0,Benign,0.9561231732368469,5.802900000162481,10.143699999844102
55,' OR 1=1--,1,SQL Injection,0.9703235030174255,2.108199999838689,8.864699999776349
55,"' UNION SELECT username, password FROM users--",0,Benign,0.9965196847915649,1.8539000002419925,4.918199999792705
55,admin' --,1,SQL Injection,0.9444283246994019,1.649700000143639,6.589799999801471
55,' OR 'a'='a,1,SQL Injection,0.9703235030174255,1.5897999996923318,6.714900000133639
55,SELECT * FROM products WHERE id = 5,0,Benign,0.9993852972984314,1.6712000001462002,4.499699999996665
55,"SELECT name, price FROM products",0,Benign,0.9998646378517151,1.6522999999324384,5.060799999682786
55,UPDATE users SET name = 'John' WHERE id = 1,0,Benign,0.9901866316795349,1.8446999997649982,4.79910000012751
55,"INSERT INTO orders VALUES (1, 2, 50000)",0,Benign,0.9561231732368469,1.6588999997111387,4.704199999650882
56,' OR 1=1--,1,SQL Injection,0.9703235030174255,1.6121000003295194,6.842799999958515
56,"' UNION SELECT username, password FROM users--",0,Benign,0.9965196847915649,1.6817999999148014,4.73920000013095
56,admin' --,1,SQL Injection,0.9444283246994019,1.7609000001357344,6.83980000030715
56,' OR 'a'='a,1,SQL Injection,0.9703235030174255,1.8170999996982573,7.227500000226428
56,SELECT * FROM products WHERE id = 5,0,Benign,0.9993852972984314,1.7546999997648527,4.78449999991426
56,"SELECT name, price FROM products",0,Benign,0.9998646378517151,1.9336999998813553,5.26960000024701
56,UPDATE users SET name = 'John' WHERE id = 1,0,Benign,0.9901866316795349,1.673199999913777,4.598399999849789
56,"INSERT INTO orders VALUES (1, 2, 50000)",0,Benign,0.9561231732368469,1.7066000000340864,4.769500000293192
57,' OR 1=1--,1,SQL Injection,0.9703235030174255,1.952999999957683,7.309799999802635
57,"' UNION SELECT username, password FROM users--",0,Benign,0.9965196847915649,1.9179999999323627,4.8311000000467175
57,admin' --,1,SQL Injection,0.9444283246994019,51.23490000005404,56.53579999989233
57,' OR 'a'='a,1,SQL Injection,0.9703235030174255,1.6832999999678577,6.6428000000087195
57,SELECT * FROM products WHERE id = 5,0,Benign,0.9993852972984314,1.6609000003882102,4.776000000219938
57,"SELECT name, price FROM products",0,Benign,0.9998646378517151,1.781699999810371,5.131299999902694
57,UPDATE users SET name = 'John' WHERE id = 1,0,Benign,0.9901866316795349,1.6712999999981548,4.882400000042253
57,"INSERT INTO orders VALUES (1, 2, 50000)",0,Benign,0.9561231732368469,1.8036000001302455,4.992300000139949
58,' OR 1=1--,1,SQL Injection,0.9703235030174255,1.9965999999840278,7.511700000122801
58,"' UNION SELECT username, password FROM users--",0,Benign,0.9965196847915649,1.8678000001273176,4.716800000096555
58,admin' --,1,SQL Injection,0.9444283246994019,1.6701999998076644,7.392900000013469
58,' OR 'a'='a,1,SQL Injection,0.9703235030174255,1.5838999997868086,6.822199999987788
58,SELECT * FROM products WHERE id = 5,0,Benign,0.9993852972984314,1.6550000000279397,4.653100000268751
58,"SELECT name, price FROM products",0,Benign,0.9998646378517151,2.162899999802903,5.174799999622337
58,UPDATE users SET name = 'John' WHERE id = 1,0,Benign,0.9901866316795349,1.810600000226259,4.87939999993614
58,"INSERT INTO orders VALUES (1, 2, 50000)",0,Benign,0.9561231732368469,1.6774999999142892,4.937299999710376
59,' OR 1=1--,1,SQL Injection,0.9703235030174255,4.465799999707087,14.36829999965994
59,"' UNION SELECT username, password FROM users--",0,Benign,0.9965196847915649,1.8280999997841718,5.260299999918061
59,admin' --,1,SQL Injection,0.9444283246994019,1.8036999999822,6.82360000018889
59,' OR 'a'='a,1,SQL Injection,0.9703235030174255,1.6519000000698725,6.732400000146299
59,SELECT * FROM products WHERE id = 5,0,Benign,0.9993852972984314,1.850399999966612,4.870499999924505
59,"SELECT name, price FROM products",0,Benign,0.9998646378517151,1.657199999954173,4.853200000070501
59,UPDATE users SET name = 'John' WHERE id = 1,0,Benign,0.9901866316795349,1.6659000002618995,4.7481000001425855
59,"INSERT INTO orders VALUES (1, 2, 50000)",0,Benign,0.9561231732368469,1.754999999775464,5.0952999999935855
60,' OR 1=1--,1,SQL Injection,0.9703235030174255,1.692299999831448,6.970100000216917
60,"' UNION SELECT username, password FROM users--",0,Benign,0.9965196847915649,2.206299999670591,5.849200000284327
60,admin' --,1,SQL Injection,0.9444283246994019,2.6170999999521882,8.997300000373798
60,' OR 'a'='a,1,SQL Injection,0.9703235030174255,1.7597000000932894,7.437400000071648
60,SELECT * FROM products WHERE id = 5,0,Benign,0.9993852972984314,2.26829999974143,5.507600000328239
60,"SELECT name, price FROM products",0,Benign,0.9998646378517151,2.100400000017544,5.241100000148435
60,UPDATE users SET name = 'John' WHERE id = 1,0,Benign,0.9901866316795349,1.6885999998521584,5.03980000030424
60,"INSERT INTO orders VALUES (1, 2, 50000)",0,Benign,0.9561231732368469,1.8187999999099702,5.228399999850808
61,' OR 1=1--,1,SQL Injection,0.9703235030174255,1.6166000000339409,7.28560000015932
61,"' UNION SELECT username, password FROM users--",0,Benign,0.9965196847915649,2.3620000001756125,6.160900000395486
61,admin' --,1,SQL Injection,0.9444283246994019,2.499499999885302,9.007200000269222
61,' OR 'a'='a,1,SQL Injection,0.9703235030174255,2.0131000001128996,8.103399999981775
61,SELECT * FROM products WHERE id = 5,0,Benign,0.9993852972984314,1.8678000001273176,5.020600000079867
61,"SELECT name, price FROM products",0,Benign,0.9998646378517151,2.2622000001319975,5.958200000350189
61,UPDATE users SET name = 'John' WHERE id = 1,0,Benign,0.9901866316795349,2.122299999882671,5.866099999821017
61,"INSERT INTO orders VALUES (1, 2, 50000)",0,Benign,0.9561231732368469,1.945100000284583,5.461600000217004
62,' OR 1=1--,1,SQL Injection,0.9703235030174255,1.8254000001434179,7.0083999999042135
62,"' UNION SELECT username, password FROM users--",0,Benign,0.9965196847915649,2.1705000003748864,5.665600000156701
62,admin' --,1,SQL Injection,0.9444283246994019,1.7157000002043787,7.140299999718991
62,' OR 'a'='a,1,SQL Injection,0.9703235030174255,2.308999999968364,7.383799999843177
62,SELECT * FROM products WHERE id = 5,0,Benign,0.9993852972984314,2.190600000176346,5.4880000002413
62,"SELECT name, price FROM products",0,Benign,0.9998646378517151,2.088299999741139,5.732500000249274
62,UPDATE users SET name = 'John' WHERE id = 1,0,Benign,0.9901866316795349,1.9677999998748419,5.43359999983295
62,"INSERT INTO orders VALUES (1, 2, 50000)",0,Benign,0.9561231732368469,1.792600000044331,5.4476999998769315
63,' OR 1=1--,1,SQL Injection,0.9703235030174255,1.8678000001273176,7.158099999742262
63,"' UNION SELECT username, password FROM users--",0,Benign,0.9965196847915649,1.8292999998266168,5.041899999923771
63,admin' --,1,SQL Injection,0.9444283246994019,1.9442999996499566,7.225199999993492
63,' OR 'a'='a,1,SQL Injection,0.9703235030174255,1.9672000003083667,7.324100000005274
63,SELECT * FROM products WHERE id = 5,0,Benign,0.9993852972984314,1.914299999953073,5.369399999835878
63,"SELECT name, price FROM products",0,Benign,0.9998646378517151,1.664399999754096,5.137200000262965
63,UPDATE users SET name = 'John' WHERE id = 1,0,Benign,0.9901866316795349,1.7817999996623257,5.189400000290334
63,"INSERT INTO orders VALUES (1, 2, 50000)",0,Benign,0.9561231732368469,2.0048000001224864,5.8469000000513915
64,' OR 1=1--,1,SQL Injection,0.9703235030174255,2.536899999995512,12.02770000008968
64,"' UNION SELECT username, password FROM users--",0,Benign,0.9965196847915649,3.9189999997688574,9.363099999973201
64,admin' --,1,SQL Injection,0.9444283246994019,2.5636000000304193,7.803299999977753
64,' OR 'a'='a,1,SQL Injection,0.9703235030174255,1.6857000000527478,7.0005000002311135
64,SELECT * FROM products WHERE id = 5,0,Benign,0.9993852972984314,1.6290999997181643,4.758600000059232
64,"SELECT name, price FROM products",0,Benign,0.9998646378517151,2.2736999999324325,5.390399999669171
64,UPDATE users SET name = 'John' WHERE id = 1,0,Benign,0.9901866316795349,1.707899999928486,4.968000000189932
64,"INSERT INTO orders VALUES (1, 2, 50000)",0,Benign,0.9561231732368469,2.0410000001902517,5.345300000044517
65,' OR 1=1--,1,SQL Injection,0.9703235030174255,1.8749000000752858,7.431700000324781
65,"' UNION SELECT username, password FROM users--",0,Benign,0.9965196847915649,1.9240999999965425,5.2832999999736785
65,admin' --,1,SQL Injection,0.9444283246994019,1.7715999997562903,6.914900000083435
65,' OR 'a'='a,1,SQL Injection,0.9703235030174255,1.709200000277633,6.719900000007328
65,SELECT * FROM products WHERE id = 5,0,Benign,0.9993852972984314,1.771799999914947,4.88439999980983
65,"SELECT name, price FROM products",0,Benign,0.9998646378517151,1.6544999998586718,4.831500000364031
65,UPDATE users SET name = 'John' WHERE id = 1,0,Benign,0.9901866316795349,1.6854999998940912,4.867000000103872
65,"INSERT INTO orders VALUES (1, 2, 50000)",0,Benign,0.9561231732368469,1.7180999998345214,4.776800000399817
66,' OR 1=1--,1,SQL Injection,0.9703235030174255,1.6949000000749948,6.815000000187865
66,"' UNION SELECT username, password FROM users--",0,Benign,0.9965196847915649,1.8036000001302455,4.847300000164978
66,admin' --,1,SQL Injection,0.9444283246994019,1.58659999988231,6.829500000094413
66,' OR 'a'='a,1,SQL Injection,0.9703235030174255,1.7127000000982662,7.119100000181788
66,SELECT * FROM products WHERE id = 5,0,Benign,0.9993852972984314,1.6881999999895925,4.626599999937753
66,"SELECT name, price FROM products",0,Benign,0.9998646378517151,1.6614999999546853,4.844200000206911
66,UPDATE users SET name = 'John' WHERE id = 1,0,Benign,0.9901866316795349,2.038399999946705,5.030499999975291
66,"INSERT INTO orders VALUES (1, 2, 50000)",0,Benign,0.9561231732368469,1.6616999996585946,4.806500000086089
67,' OR 1=1--,1,SQL Injection,0.9703235030174255,1.5923999999358784,7.019300000138173
67,"' UNION SELECT username, password FROM users--",0,Benign,0.9965196847915649,1.692800000000716,4.767200000060257
67,admin' --,1,SQL Injection,0.9444283246994019,1.6961000001174398,6.747100000211503
67,' OR 'a'='a,1,SQL Injection,0.9703235030174255,1.8089999998665007,6.754000000000815
67,SELECT * FROM products WHERE id = 5,0,Benign,0.9993852972984314,1.8804999999701977,4.892400000244379
67,"SELECT name, price FROM products",0,Benign,0.9998646378517151,1.6660999999658088,4.882100000031642
67,UPDATE users SET name = 'John' WHERE id = 1,0,Benign,0.9901866316795349,1.6811000000416243,4.815700000108336
67,"INSERT INTO orders VALUES (1, 2, 50000)",0,Benign,0.9561231732368469,1.8133999997189676,5.1211999998486135
68,' OR 1=1--,1,SQL Injection,0.9703235030174255,1.7023000000335742,6.767000000309054
68,"' UNION SELECT username, password FROM users--",0,Benign,0.9965196847915649,2.1575999999186024,5.239000000074157
68,admin' --,1,SQL Injection,0.9444283246994019,1.5640000001440058,6.937399999969784
68,' OR 'a'='a,1,SQL Injection,0.9703235030174255,1.6003000000637257,6.847999999990861
68,SELECT * FROM products WHERE id = 5,0,Benign,0.9993852972984314,1.6700000001037552,4.503200000272045
68,"SELECT name, price FROM products",0,Benign,0.9998646378517151,1.6491999999743712,4.885900000317633
68,UPDATE users SET name = 'John' WHERE id = 1,0,Benign,0.9901866316795349,1.9407999998293235,4.898400000001857
68,"INSERT INTO orders VALUES (1, 2, 50000)",0,Benign,0.9561231732368469,1.752599999690574,5.10020000001532
69,' OR 1=1--,1,SQL Injection,0.9703235030174255,1.608600000054139,6.7143000001124165
69,"' UNION SELECT username, password FROM users--",0,Benign,0.9965196847915649,4.776899999797024,9.957000000213156
69,admin' --,1,SQL Injection,0.9444283246994019,2.0724999999401916,31.619100000170874
69,' OR 'a'='a,1,SQL Injection,0.9703235030174255,1.6466000001855718,6.713799999943149
69,SELECT * FROM products WHERE id = 5,0,Benign,0.9993852972984314,2.0096000002922665,5.065900000317924
69,"SELECT name, price FROM products",0,Benign,0.9998646378517151,1.9589999997151608,5.424899999979971
69,UPDATE users SET name = 'John' WHERE id = 1,0,Benign,0.9901866316795349,2.0648999998229556,5.317999999988388
69,"INSERT INTO orders VALUES (1, 2, 50000)",0,Benign,0.9561231732368469,1.9591999998738174,5.4570000002058805
70,' OR 1=1--,1,SQL Injection,0.9703235030174255,1.7950999999811756,7.283199999619683
70,"' UNION SELECT username, password FROM users--",0,Benign,0.9965196847915649,1.9972000000052503,5.160799999885057
70,admin' --,1,SQL Injection,0.9444283246994019,1.6796999998405227,7.0482999999512685
70,' OR 'a'='a,1,SQL Injection,0.9703235030174255,1.6015000001061708,6.492800000160059
70,SELECT * FROM products WHERE id = 5,0,Benign,0.9993852972984314,1.7781000001377834,4.902700000002369
70,"SELECT name, price FROM products",0,Benign,0.9998646378517151,1.9125000003441528,4.935599999953411
70,UPDATE users SET name = 'John' WHERE id = 1,0,Benign,0.9901866316795349,1.7372000002069399,4.771600000367471
70,"INSERT INTO orders VALUES (1, 2, 50000)",0,Benign,0.9561231732368469,2.276500000334636,5.631600000015169
71,' OR 1=1--,1,SQL Injection,0.9703235030174255,2.1009000001868117,7.407999999941239
71,"' UNION SELECT username, password FROM users--",0,Benign,0.9965196847915649,1.7204999999194115,4.6910000000934815
71,admin' --,1,SQL Injection,0.9444283246994019,1.9723000000340107,7.361699999819393
71,' OR 'a'='a,1,SQL Injection,0.9703235030174255,1.9257000003563007,6.949000000076921
71,SELECT * FROM products WHERE id = 5,0,Benign,0.9993852972984314,1.9532999999682943,5.085199999939505
71,"SELECT name, price FROM products",0,Benign,0.9998646378517151,1.72389999988809,4.859799999849201
71,UPDATE users SET name = 'John' WHERE id = 1,0,Benign,0.9901866316795349,1.7800999999053602,4.826100000173028
71,"INSERT INTO orders VALUES (1, 2, 50000)",0,Benign,0.9561231732368469,2.064000000245869,5.331800000021758
72,' OR 1=1--,1,SQL Injection,0.9703235030174255,1.879200000075798,7.320899999740504
72,"' UNION SELECT username, password FROM users--",0,Benign,0.9965196847915649,2.1157000001039705,5.1859000000149535
72,admin' --,1,SQL Injection,0.9444283246994019,2.0104000000173983,7.69880000007106
72,' OR 'a'='a,1,SQL Injection,0.9703235030174255,2.04440000015893,7.398799999918992
72,SELECT * FROM products WHERE id = 5,0,Benign,0.9993852972984314,1.9013000000995817,5.1305000001775625
72,"SELECT name, price FROM products",0,Benign,0.9998646378517151,1.72870000005787,4.707200000211742
72,UPDATE users SET name = 'John' WHERE id = 1,0,Benign,0.9901866316795349,1.692900000307418,4.810200000065379
72,"INSERT INTO orders VALUES (1, 2, 50000)",0,Benign,0.9561231732368469,2.2148000002744084,5.269699999644217
73,' OR 1=1--,1,SQL Injection,0.9703235030174255,1.6021000001273933,6.7710000002989545
73,"' UNION SELECT username, password FROM users--",0,Benign,0.9965196847915649,1.691700000264973,4.674400000112655
73,admin' --,1,SQL Injection,0.9444283246994019,1.6064000001279055,6.961100000353326
73,' OR 'a'='a,1,SQL Injection,0.9703235030174255,1.6732999997657316,6.699300000036601
73,SELECT * FROM products WHERE id = 5,0,Benign,0.9993852972984314,1.9749000002775574,5.029699999795412
73,"SELECT name, price FROM products",0,Benign,0.9998646378517151,1.931499999955122,4.854400000112946
73,UPDATE users SET name = 'John' WHERE id = 1,0,Benign,0.9901866316795349,1.7975999999180203,4.778499999702035
73,"INSERT INTO orders VALUES (1, 2, 50000)",0,Benign,0.9561231732368469,4.011399999853893,7.301199999801611
74,' OR 1=1--,1,SQL Injection,0.9703235030174255,1.7947999999705644,18.376099999841244
74,"' UNION SELECT username, password FROM users--",0,Benign,0.9965196847915649,1.7763000000741158,4.903399999875546
74,admin' --,1,SQL Injection,0.9444283246994019,1.7283000001953042,6.888799999615003
74,' OR 'a'='a,1,SQL Injection,0.9703235030174255,1.8039999999928114,6.630200000017794
74,SELECT * FROM products WHERE id = 5,0,Benign,0.9993852972984314,2.0543000000543543,5.077599999822269
74,"SELECT name, price FROM products",0,Benign,0.9998646378517151,1.6694999999344873,4.6391000000767235
74,UPDATE users SET name = 'John' WHERE id = 1,0,Benign,0.9901866316795349,1.8468000002940244,4.94669999989128
74,"INSERT INTO orders VALUES (1, 2, 50000)",0,Benign,0.9561231732368469,2.0384999997986597,5.371300000206247
75,' OR 1=1--,1,SQL Injection,0.9703235030174255,1.8744999997579725,6.918799999766634
75,"' UNION SELECT username, password FROM users--",0,Benign,0.9965196847915649,1.8572999997559236,4.918999999972584
75,admin' --,1,SQL Injection,0.9444283246994019,1.6150999999808846,6.663099999968836
75,' OR 'a'='a,1,SQL Injection,0.9703235030174255,1.5996000001905486,6.76309999971636
75,SELECT * FROM products WHERE id = 5,0,Benign,0.9993852972984314,1.6949999999269494,4.544900000382768
75,"SELECT name, price FROM products",0,Benign,0.9998646378517151,1.7564999998285202,4.908299999897281
75,UPDATE users SET name = 'John' WHERE id = 1,0,Benign,0.9901866316795349,1.8947000003208814,4.917000000205007
75,"INSERT INTO orders VALUES (1, 2, 50000)",0,Benign,0.9561231732368469,2.181999999720574,5.130999999892083
76,' OR 1=1--,1,SQL Injection,0.9703235030174255,1.5937999996822327,7.431800000176736
76,"' UNION SELECT username, password FROM users--",0,Benign,0.9965196847915649,1.6986000000542845,4.749100000026374
76,admin' --,1,SQL Injection,0.9444283246994019,1.6855999997460458,6.848900000022695
76,' OR 'a'='a,1,SQL Injection,0.9703235030174255,1.8138999998882355,6.735800000114978
76,SELECT * FROM products WHERE id = 5,0,Benign,0.9993852972984314,1.910400000269874,4.933799999889743
76,"SELECT name, price FROM products",0,Benign,0.9998646378517151,1.6375000000152795,4.752199999984441
76,UPDATE users SET name = 'John' WHERE id = 1,0,Benign,0.9901866316795349,2.090400000270165,21.290399999998044
76,"INSERT INTO orders VALUES (1, 2, 50000)",0,Benign,0.9561231732368469,1.6476999999213149,4.4447000000218395
77,' OR 1=1--,1,SQL Injection,0.9703235030174255,1.577500000166765,6.700899999941612
77,"' UNION SELECT username, password FROM users--",0,Benign,0.9965196847915649,2.333800000087649,7.371700000021519
77,admin' --,1,SQL Injection,0.9444283246994019,1.7163000002256013,9.021299999858456
77,' OR 'a'='a,1,SQL Injection,0.9703235030174255,1.8806000002768997,9.534699999676377
77,SELECT * FROM products WHERE id = 5,0,Benign,0.9993852972984314,2.709800000047835,7.063800000196352
77,"SELECT name, price FROM products",0,Benign,0.9998646378517151,3.1318999999712105,7.977299999765819
77,UPDATE users SET name = 'John' WHERE id = 1,0,Benign,0.9901866316795349,5.287699999826145,9.519199999886041
77,"INSERT INTO orders VALUES (1, 2, 50000)",0,Benign,0.9561231732368469,2.810500000123284,7.724299999608775
78,' OR 1=1--,1,SQL Injection,0.9703235030174255,2.2183000000950415,10.565600000063569
78,"' UNION SELECT username, password FROM users--",0,Benign,0.9965196847915649,2.1572000000560365,6.761800000276708
78,admin' --,1,SQL Injection,0.9444283246994019,4.0380999998888,27.056700000230194
78,' OR 'a'='a,1,SQL Injection,0.9703235030174255,2.7979000001323584,10.024500000326952
78,SELECT * FROM products WHERE id = 5,0,Benign,0.9993852972984314,4.571399999804271,8.516599999893515
78,"SELECT name, price FROM products",0,Benign,0.9998646378517151,2.6635999997779436,6.493599999885191
78,UPDATE users SET name = 'John' WHERE id = 1,0,Benign,0.9901866316795349,4.126600000290637,9.621100000003935
78,"INSERT INTO orders VALUES (1, 2, 50000)",0,Benign,0.9561231732368469,3.227900000183581,7.399699999950826
79,' OR 1=1--,1,SQL Injection,0.9703235030174255,2.034200000252895,9.711300000162737
79,"' UNION SELECT username, password FROM users--",0,Benign,0.9965196847915649,2.827099999649363,24.057399999946938
79,admin' --,1,SQL Injection,0.9444283246994019,2.6652999999896565,9.752500000104192
79,' OR 'a'='a,1,SQL Injection,0.9703235030174255,3.3004000001710665,10.885600000165141
79,SELECT * FROM products WHERE id = 5,0,Benign,0.9993852972984314,2.8834999998252897,6.750500000180182
79,"SELECT name, price FROM products",0,Benign,0.9998646378517151,3.689199999826087,9.047399999872141
79,UPDATE users SET name = 'John' WHERE id = 1,0,Benign,0.9901866316795349,2.332199999727891,6.862299999738752
79,"INSERT INTO orders VALUES (1, 2, 50000)",0,Benign,0.9561231732368469,2.1839000000909436,6.186300000081246
80,' OR 1=1--,1,SQL Injection,0.9703235030174255,2.5043999999070365,9.736400000292633
80,"' UNION SELECT username, password FROM users--",0,Benign,0.9965196847915649,1.9376000000193017,6.515000000035798
80,admin' --,1,SQL Injection,0.9444283246994019,2.3289000000659144,8.261299999958283
80,' OR 'a'='a,1,SQL Injection,0.9703235030174255,1.8454999999448773,7.4659000001702225
80,SELECT * FROM products WHERE id = 5,0,Benign,0.9993852972984314,2.3160000000643777,5.951999999979307
80,"SELECT name, price FROM products",0,Benign,0.9998646378517151,1.91560000030222,5.754700000125013
80,UPDATE users SET name = 'John' WHERE id = 1,0,Benign,0.9901866316795349,2.111100000092847,5.703899999843998
80,"INSERT INTO orders VALUES (1, 2, 50000)",0,Benign,0.9561231732368469,1.7014000000017404,5.133399999976973
81,' OR 1=1--,1,SQL Injection,0.9703235030174255,1.6906000000744825,7.302500000150758
81,"' UNION SELECT username, password FROM users--",0,Benign,0.9965196847915649,1.858399999946414,5.3738999999950465
81,admin' --,1,SQL Injection,0.9444283246994019,2.0996999996896193,7.41459999971994
81,' OR 'a'='a,1,SQL Injection,0.9703235030174255,1.8184000000474043,7.1675999997751205
81,SELECT * FROM products WHERE id = 5,0,Benign,0.9993852972984314,1.7920000000231084,5.049100000178441
81,"SELECT name, price FROM products",0,Benign,0.9998646378517151,1.9089000002168177,5.279700000301091
81,UPDATE users SET name = 'John' WHERE id = 1,0,Benign,0.9901866316795349,1.91019999965647,5.635099999835802
81,"INSERT INTO orders VALUES (1, 2, 50000)",0,Benign,0.9561231732368469,4.30610000012166,9.592900000370719
82,' OR 1=1--,1,SQL Injection,0.9703235030174255,3.1312000000980333,9.743300000081945
82,"' UNION SELECT username, password FROM users--",0,Benign,0.9965196847915649,2.028100000188715,5.266799999844807
82,admin' --,1,SQL Injection,0.9444283246994019,1.7708000000311586,7.0706999999856635
82,' OR 'a'='a,1,SQL Injection,0.9703235030174255,1.8219000003227848,7.443599999987782
82,SELECT * FROM products WHERE id = 5,0,Benign,0.9993852972984314,1.996200000121462,5.16990000005535
82,"SELECT name, price FROM products",0,Benign,0.9998646378517151,1.8605000000206928,5.049500000041007
82,UPDATE users SET name = 'John' WHERE id = 1,0,Benign,0.9901866316795349,2.0128000001022883,5.256999999801337
82,"INSERT INTO orders VALUES (1, 2, 50000)",0,Benign,0.9561231732368469,1.8162999999731255,5.088600000362931
83,' OR 1=1--,1,SQL Injection,0.9703235030174255,1.9224999996367842,7.211300000108167
83,"' UNION SELECT username, password FROM users--",0,Benign,0.9965196847915649,1.9193000002815097,5.230700000083743
83,admin' --,1,SQL Injection,0.9444283246994019,1.769399999830057,7.0901999997659
83,' OR 'a'='a,1,SQL Injection,0.9703235030174255,1.920700000027864,7.26699999995617
83,SELECT * FROM products WHERE id = 5,0,Benign,0.9993852972984314,1.9860000002154266,5.181700000321143
83,"SELECT name, price FROM products",0,Benign,0.9998646378517151,1.7253999999411462,4.873700000189274
83,UPDATE users SET name = 'John' WHERE id = 1,0,Benign,0.9901866316795349,2.1913999999014777,5.780199999662727
83,"INSERT INTO orders VALUES (1, 2, 50000)",0,Benign,0.9561231732368469,1.8034999998235435,5.1978999999846565
84,' OR 1=1--,1,SQL Injection,0.9703235030174255,1.794899999822519,7.176699999945413
84,"' UNION SELECT username, password FROM users--",0,Benign,0.9965196847915649,1.9906999996237573,5.192099999931088
84,admin' --,1,SQL Injection,0.9444283246994019,1.6863000000739703,6.977999999890017
84,' OR 'a'='a,1,SQL Injection,0.9703235030174255,1.7904000001180975,6.9785000000592845
84,SELECT * FROM products WHERE id = 5,0,Benign,0.9993852972984314,1.813000000311149,4.9371999998584215
84,"SELECT name, price FROM products",0,Benign,0.9998646378517151,2.0497999998951855,5.284200000005512
84,UPDATE users SET name = 'John' WHERE id = 1,0,Benign,0.9901866316795349,1.8475000001672015,5.264700000225275
84,"INSERT INTO orders VALUES (1, 2, 50000)",0,Benign,0.9561231732368469,2.010899999731919,5.262300000140385
85,' OR 1=1--,1,SQL Injection,0.9703235030174255,1.6973000001598848,7.128000000193424
85,"' UNION SELECT username, password FROM users--",0,Benign,0.9965196847915649,1.8018999999185326,4.97029999996812
85,admin' --,1,SQL Injection,0.9444283246994019,1.660399999764195,7.102300000042305
85,' OR 'a'='a,1,SQL Injection,0.9703235030174255,1.7096999999921536,6.924499999968248
85,SELECT * FROM products WHERE id = 5,0,Benign,0.9993852972984314,1.8362000000706757,5.0565999999889755
85,"SELECT name, price FROM products",0,Benign,0.9998646378517151,1.7434000001230743,5.029800000102114
85,UPDATE users SET name = 'John' WHERE id = 1,0,Benign,0.9901866316795349,1.9705999998222978,5.163200000424695
85,"INSERT INTO orders VALUES (1, 2, 50000)",0,Benign,0.9561231732368469,1.7848000002231856,4.887099999905331
86,' OR 1=1--,1,SQL Injection,0.9703235030174255,1.7143999998552317,7.357899999988149
86,"' UNION SELECT username, password FROM users--",0,Benign,0.9965196847915649,1.9077000001743727,5.10149999990972
86,admin' --,1,SQL Injection,0.9444283246994019,1.6896000001906941,7.1054000000003725
86,' OR 'a'='a,1,SQL Injection,0.9703235030174255,1.6476999999213149,7.030899999790563
86,SELECT * FROM products WHERE id = 5,0,Benign,0.9993852972984314,1.880799999980809,5.128399999648536
86,"SELECT name, price FROM products",0,Benign,0.9998646378517151,1.8834000002243556,5.109100000026956
86,UPDATE users SET name = 'John' WHERE id = 1,0,Benign,0.9901866316795349,1.9656000004033558,5.452400000194757
86,"INSERT INTO orders VALUES (1, 2, 50000)",0,Benign,0.9561231732368469,3.331400000206486,7.804599999872153
87,' OR 1=1--,1,SQL Injection,0.9703235030174255,4.555399999844667,11.809799999809911
87,"' UNION SELECT username, password FROM users--",0,Benign,0.9965196847915649,1.804200000151468,5.281799999920622
87,admin' --,1,SQL Injection,0.9444283246994019,1.8079999999827123,7.285400000000664
87,' OR 'a'='a,1,SQL Injection,0.9703235030174255,1.698800000212941,7.072399999742629
87,SELECT * FROM products WHERE id = 5,0,Benign,0.9993852972984314,1.750000000356522,5.1067999997940206
87,"SELECT name, price FROM products",0,Benign,0.9998646378517151,2.000200000111363,5.253699999684613
87,UPDATE users SET name = 'John' WHERE id = 1,0,Benign,0.9901866316795349,1.769399999830057,5.047999999987951
87,"INSERT INTO orders VALUES (1, 2, 50000)",0,Benign,0.9561231732368469,1.9805000001724693,5.199700000048324
88,' OR 1=1--,1,SQL Injection,0.9703235030174255,1.6180000002350425,6.853599999885773
88,"' UNION SELECT username, password FROM users--",0,Benign,0.9965196847915649,1.8294999999852735,5.055300000094576
88,admin' --,1,SQL Injection,0.9444283246994019,1.8484000001990353,7.261000000198692
88,' OR 'a'='a,1,SQL Injection,0.9703235030174255,1.7867999999907624,6.8566999998438405
88,SELECT * FROM products WHERE id = 5,0,Benign,0.9993852972984314,1.8526999997448002,5.110600000080012
88,"SELECT name, price FROM products",0,Benign,0.9998646378517151,1.784999999927095,5.102000000078988
88,UPDATE users SET name = 'John' WHERE id = 1,0,Benign,0.9901866316795349,1.797400000214111,5.093100000067352
88,"INSERT INTO orders VALUES (1, 2, 50000)",0,Benign,0.9561231732368469,1.9405999996706669,5.375300000196148
89,' OR 1=1--,1,SQL Injection,0.9703235030174255,1.7206000002261135,7.2519000000283995
89,"' UNION SELECT username, password FROM users--",0,Benign,0.9965196847915649,2.1268000000418397,5.275900000015099
89,admin' --,1,SQL Injection,0.9444283246994019,1.8148999997720239,7.1625000000494765
89,' OR 'a'='a,1,SQL Injection,0.9703235030174255,1.9299999999020656,7.503899999846908
89,SELECT * FROM products WHERE id = 5,0,Benign,0.9993852972984314,1.9376000000193017,5.460299999867857
89,"SELECT name, price FROM products",0,Benign,0.9998646378517151,1.685300000190182,4.998800000066694
89,UPDATE users SET name = 'John' WHERE id = 1,0,Benign,0.9901866316795349,1.847999999881722,4.967600000327366
89,"INSERT INTO orders VALUES (1, 2, 50000)",0,Benign,0.9561231732368469,1.8609999997352134,5.26350000018283
90,' OR 1=1--,1,SQL Injection,0.9703235030174255,1.8446999997649982,7.337900000038644
90,"' UNION SELECT username, password FROM users--",0,Benign,0.9965196847915649,1.853199999914068,5.14629999997851
90,admin' --,1,SQL Injection,0.9444283246994019,1.740700000027573,7.042100000035134
90,' OR 'a'='a,1,SQL Injection,0.9703235030174255,1.9163000001753971,7.1288999997705105
90,SELECT * FROM products WHERE id = 5,0,Benign,0.9993852972984314,1.8304000000171072,5.3324000000429805
90,"SELECT name, price FROM products",0,Benign,0.9998646378517151,1.7029000000547967,5.069100000127946
90,UPDATE users SET name = 'John' WHERE id = 1,0,Benign,0.9901866316795349,1.813000000311149,5.182500000046275
90,"INSERT INTO orders VALUES (1, 2, 50000)",0,Benign,0.9561231732368469,1.9342999999025778,5.231900000126188
91,' OR 1=1--,1,SQL Injection,0.9703235030174255,1.8892999996751314,7.536399999935384
91,"' UNION SELECT username, password FROM users--",0,Benign,0.9965196847915649,2.483499999925698,5.9038999997937935
91,admin' --,1,SQL Injection,0.9444283246994019,2.291499999955704,8.063400000082765
91,' OR 'a'='a,1,SQL Injection,0.9703235030174255,2.2702000001117995,7.988100000147824
91,SELECT * FROM products WHERE id = 5,0,Benign,0.9993852972984314,2.214200000253186,5.68699999985256
91,"SELECT name, price FROM products",0,Benign,0.9998646378517151,2.359400000386813,5.794799999875977
91,UPDATE users SET name = 'John' WHERE id = 1,0,Benign,0.9901866316795349,1.819699999941804,5.329099999926257
91,"INSERT INTO orders VALUES (1, 2, 50000)",0,Benign,0.9561231732368469,1.8017999996118306,4.955800000061572
92,' OR 1=1--,1,SQL Injection,0.9703235030174255,1.9342000000506232,7.841999999982363
92,"' UNION SELECT username, password FROM users--",0,Benign,0.9965196847915649,5.289400000037858,10.290400000030786
92,admin' --,1,SQL Injection,0.9444283246994019,3.067900000132795,10.148999999728403
92,' OR 'a'='a,1,SQL Injection,0.9703235030174255,1.6985000002023298,7.044100000257458
92,SELECT * FROM products WHERE id = 5,0,Benign,0.9993852972984314,2.285900000060792,6.104900000082125
92,"SELECT name, price FROM products",0,Benign,0.9998646378517151,1.771400000052381,5.670300000019779
92,UPDATE users SET name = 'John' WHERE id = 1,0,Benign,0.9901866316795349,1.9927999996980361,5.9208000002399785
92,"INSERT INTO orders VALUES (1, 2, 50000)",0,Benign,0.9561231732368469,2.265099999931408,5.647699999826727
93,' OR 1=1--,1,SQL Injection,0.9703235030174255,1.857300000210671,7.468499999959022
93,"' UNION SELECT username, password FROM users--",0,Benign,0.9965196847915649,2.056299999821931,5.498700000316603
93,admin' --,1,SQL Injection,0.9444283246994019,1.947699999618635,7.645300000149291
93,' OR 'a'='a,1,SQL Injection,0.9703235030174255,2.0472999999583408,8.143100000324921
93,SELECT * FROM products WHERE id = 5,0,Benign,0.9993852972984314,2.101399999901332,5.3987000001143315
93,"SELECT name, price FROM products",0,Benign,0.9998646378517151,1.8326999997952953,5.207799999880081
93,UPDATE users SET name = 'John' WHERE id = 1,0,Benign,0.9901866316795349,2.0506999999270192,5.40149999960704
93,"INSERT INTO orders VALUES (1, 2, 50000)",0,Benign,0.9561231732368469,2.0021999998789397,5.588200000147481
94,' OR 1=1--,1,SQL Injection,0.9703235030174255,2.0233999998708896,7.9712000001563865
94,"' UNION SELECT username, password FROM users--",0,Benign,0.9965196847915649,2.01119999974253,5.310799999733717
94,admin' --,1,SQL Injection,0.9444283246994019,2.1205000002737506,7.615600000008271
94,' OR 'a'='a,1,SQL Injection,0.9703235030174255,2.287499999965803,7.747699999981705
94,SELECT * FROM products WHERE id = 5,0,Benign,0.9993852972984314,2.255300000342686,5.970600000182458
94,"SELECT name, price FROM products",0,Benign,0.9998646378517151,1.8985000001521257,5.342799999652925
94,UPDATE users SET name = 'John' WHERE id = 1,0,Benign,0.9901866316795349,2.308699999957753,5.9158999997634965
94,"INSERT INTO orders VALUES (1, 2, 50000)",0,Benign,0.9561231732368469,1.944400000411406,5.4113999999572115
95,' OR 1=1--,1,SQL Injection,0.9703235030174255,1.7496000000392087,7.729299999937211
95,"' UNION SELECT username, password FROM users--",0,Benign,0.9965196847915649,2.2122000000308617,5.655799999658484
95,admin' --,1,SQL Injection,0.9444283246994019,1.8913999997494102,7.720099999914964
95,' OR 'a'='a,1,SQL Injection,0.9703235030174255,1.6961999999693944,7.444899999882182
95,SELECT * FROM products WHERE id = 5,0,Benign,0.9993852972984314,1.9624000001385866,5.195600000206468
95,"SELECT name, price FROM products",0,Benign,0.9998646378517151,2.2153999998408835,5.623600000035367
95,UPDATE users SET name = 'John' WHERE id = 1,0,Benign,0.9901866316795349,1.9171000003552763,5.595699999958015
95,"INSERT INTO orders VALUES (1, 2, 50000)",0,Benign,0.9561231732368469,2.058699999906821,5.642900000111695
96,' OR 1=1--,1,SQL Injection,0.9703235030174255,2.218399999946996,7.686400000238791
96,"' UNION SELECT username, password FROM users--",0,Benign,0.9965196847915649,2.5286999998570536,6.336799999644427
96,admin' --,1,SQL Injection,0.9444283246994019,2.0075000002179877,7.352600000103848
96,' OR 'a'='a,1,SQL Injection,0.9703235030174255,2.21559999999954,7.973600000241277
96,SELECT * FROM products WHERE id = 5,0,Benign,0.9993852972984314,2.044800000021496,5.521800000224175
96,"SELECT name, price FROM products",0,Benign,0.9998646378517151,2.255200000035984,5.878699999811943
96,UPDATE users SET name = 'John' WHERE id = 1,0,Benign,0.9901866316795349,3.4716000000116765,8.631400000012945
96,"INSERT INTO orders VALUES (1, 2, 50000)",0,Benign,0.9561231732368469,2.389300000231742,24.620199999844772
97,' OR 1=1--,1,SQL Injection,0.9703235030174255,3.073500000027707,15.050500000143074
97,"' UNION SELECT username, password FROM users--",0,Benign,0.9965196847915649,1.8381999998382526,6.451799999922514
97,admin' --,1,SQL Injection,0.9444283246994019,1.8567000001894485,8.308599999963917
97,' OR 'a'='a,1,SQL Injection,0.9703235030174255,1.656500000080996,7.256400000187568
97,SELECT * FROM products WHERE id = 5,0,Benign,0.9993852972984314,2.1090000000185682,6.8903000001228065
97,"SELECT name, price FROM products",0,Benign,0.9998646378517151,2.211800000168296,6.072300000141695
97,UPDATE users SET name = 'John' WHERE id = 1,0,Benign,0.9901866316795349,2.0469999999477295,6.049500000244734
97,"INSERT INTO orders VALUES (1, 2, 50000)",0,Benign,0.9561231732368469,2.507400000013149,7.421699999667908
98,' OR 1=1--,1,SQL Injection,0.9703235030174255,2.277200000207813,9.375200000249606
98,"' UNION SELECT username, password FROM users--",0,Benign,0.9965196847915649,1.9286000001557113,5.834499999764375
98,admin' --,1,SQL Injection,0.9444283246994019,2.2830000002613815,9.141300000010233
98,' OR 'a'='a,1,SQL Injection,0.9703235030174255,1.8084000003000256,8.30790000009074
98,SELECT * FROM products WHERE id = 5,0,Benign,0.9993852972984314,2.217199999904551,7.830900000044494
98,"SELECT name, price FROM products",0,Benign,0.9998646378517151,1.7938999999387306,5.040900000039983
98,UPDATE users SET name = 'John' WHERE id = 1,0,Benign,0.9901866316795349,2.492300000085379,7.270600000083505
98,"INSERT INTO orders VALUES (1, 2, 50000)",0,Benign,0.9561231732368469,2.138300000297022,6.156000000373751
99,' OR 1=1--,1,SQL Injection,0.9703235030174255,2.379800000198884,8.207899999888468
99,"' UNION SELECT username, password FROM users--",0,Benign,0.9965196847915649,1.8228999997518258,5.723599999782891
99,admin' --,1,SQL Injection,0.9444283246994019,1.6274999998131534,6.7247000001771084
99,' OR 'a'='a,1,SQL Injection,0.9703235030174255,1.713499999823398,6.644899999628251
99,SELECT * FROM products WHERE id = 5,0,Benign,0.9993852972984314,1.7123000002357003,4.967500000020664
99,"SELECT name, price FROM products",0,Benign,0.9998646378517151,1.7261000002690707,4.908800000066549
99,UPDATE users SET name = 'John' WHERE id = 1,0,Benign,0.9901866316795349,1.6961000001174398,4.6898000000510365
99,"INSERT INTO orders VALUES (1, 2, 50000)",0,Benign,0.9561231732368469,1.7046999996637169,4.958800000167685
100,' OR 1=1--,1,SQL Injection,0.9703235030174255,1.8043999998553772,7.2904000003291
100,"' UNION SELECT username, password FROM users--",0,Benign,0.9965196847915649,1.9091000003754743,4.9243999997088395
100,admin' --,1,SQL Injection,0.9444283246994019,2.044299999852228,7.619299999987561
100,' OR 'a'='a,1,SQL Injection,0.9703235030174255,1.8758000001071196,29.245799999898736
100,SELECT * FROM products WHERE id = 5,0,Benign,0.9993852972984314,4.4473999996625935,8.844299999964278
100,"SELECT name, price FROM products",0,Benign,0.9998646378517151,1.743499999975029,6.53020000027027
100,UPDATE users SET name = 'John' WHERE id = 1,0,Benign,0.9901866316795349,1.6905000002225279,4.978700000265235
100,"INSERT INTO orders VALUES (1, 2, 50000)",0,Benign,0.9561231732368469,1.840100000208622,4.8880999997891195
