timestamp,payload,prediction,result,confidence,latency_ms
2026-06-20T18:32:27.939944,' OR 1=1--,1,SQL Injection,0.9703235030174255,6.394300000010844
2026-06-20T18:32:27.954983,admin' --,1,SQL Injection,0.9444283246994019,2.1915000002081797
2026-06-20T18:32:27.962513,' OR 'a'='a,1,SQL Injection,0.9703235030174255,2.2530000001097505
2026-06-20T18:32:28.001704,' OR 1=1--,1,SQL Injection,0.9703235030174255,2.1667000000888947
2026-06-20T18:32:28.027369,admin' --,1,SQL Injection,0.9444283246994019,1.9228000001021428
2026-06-20T18:32:28.036879,' OR 'a'='a,1,SQL Injection,0.9703235030174255,2.8654999996433617
2026-06-20T18:32:28.068456,' OR 1=1--,1,SQL Injection,0.9703235030174255,2.137799999673007
2026-06-20T18:32:28.081971,admin' --,1,SQL Injection,0.9444283246994019,2.1109000003889378
2026-06-20T18:32:28.091504,' OR 'a'='a,1,SQL Injection,0.9703235030174255,2.4125999998432235
2026-06-20T18:32:28.123552,' OR 1=1--,1,SQL Injection,0.9703235030174255,1.9348999999238004
2026-06-20T18:32:28.138600,admin' --,1,SQL Injection,0.9444283246994019,3.533400000378606
2026-06-20T18:32:28.147125,' OR 'a'='a,1,SQL Injection,0.9703235030174255,2.56340000032651
2026-06-20T18:32:28.186246,' OR 1=1--,1,SQL Injection,0.9703235030174255,1.617299999907118
2026-06-20T18:32:28.198008,admin' --,1,SQL Injection,0.9444283246994019,1.5404999999191205
2026-06-20T18:32:28.204513,' OR 'a'='a,1,SQL Injection,0.9703235030174255,1.545900000110123
2026-06-20T18:32:28.256663,' OR 1=1--,1,SQL Injection,0.9703235030174255,1.5699999999014835
2026-06-20T18:32:28.268188,admin' --,1,SQL Injection,0.9444283246994019,1.593100000263803
2026-06-20T18:32:28.275191,' OR 'a'='a,1,SQL Injection,0.9703235030174255,1.6920999996727915
2026-06-20T18:32:28.301270,' OR 1=1--,1,SQL Injection,0.9703235030174255,1.643300000068848
2026-06-20T18:32:28.312295,admin' --,1,SQL Injection,0.9444283246994019,1.5493000000788015
2026-06-20T18:32:28.319802,' OR 'a'='a,1,SQL Injection,0.9703235030174255,1.6207999997277511
2026-06-20T18:32:28.346341,' OR 1=1--,1,SQL Injection,0.9703235030174255,1.6307999999298772
2026-06-20T18:32:28.358082,admin' --,1,SQL Injection,0.9444283246994019,1.9201000000066415
2026-06-20T18:32:28.365084,' OR 'a'='a,1,SQL Injection,0.9703235030174255,1.9357999999556341
2026-06-20T18:32:28.390617,' OR 1=1--,1,SQL Injection,0.9703235030174255,1.5649000001758395
2026-06-20T18:32:28.402847,admin' --,1,SQL Injection,0.9444283246994019,1.5577000003759167
2026-06-20T18:32:28.410374,' OR 'a'='a,1,SQL Injection,0.9703235030174255,1.6313999999510997
2026-06-20T18:32:28.435453,' OR 1=1--,1,SQL Injection,0.9703235030174255,1.8645999998625484
2026-06-20T18:32:28.447483,admin' --,1,SQL Injection,0.9444283246994019,1.5865000000303553
2026-06-20T18:32:28.454486,' OR 'a'='a,1,SQL Injection,0.9703235030174255,1.5972000001056585
2026-06-20T18:32:28.487617,' OR 1=1--,1,SQL Injection,0.9703235030174255,2.6535999995758175
2026-06-20T18:32:28.499144,admin' --,1,SQL Injection,0.9444283246994019,1.7775000001165608
2026-06-20T18:32:28.506169,' OR 'a'='a,1,SQL Injection,0.9703235030174255,1.8135999998776242
2026-06-20T18:32:28.533671,' OR 1=1--,1,SQL Injection,0.9703235030174255,1.629400000183523
2026-06-20T18:32:28.546700,admin' --,1,SQL Injection,0.9444283246994019,2.2484999999505817
2026-06-20T18:32:28.553710,' OR 'a'='a,1,SQL Injection,0.9703235030174255,2.0513999998001964
2026-06-20T18:32:28.582277,' OR 1=1--,1,SQL Injection,0.9703235030174255,1.7564999998285202
2026-06-20T18:32:28.594786,admin' --,1,SQL Injection,0.9444283246994019,2.05839999989621
2026-06-20T18:32:28.602957,' OR 'a'='a,1,SQL Injection,0.9703235030174255,2.526700000089477
2026-06-20T18:32:28.630968,' OR 1=1--,1,SQL Injection,0.9703235030174255,1.788099999885162
2026-06-20T18:32:28.643492,admin' --,1,SQL Injection,0.9444283246994019,2.077899999676447
2026-06-20T18:32:28.651000,' OR 'a'='a,1,SQL Injection,0.9703235030174255,2.0678000000771135
2026-06-20T18:32:28.679048,' OR 1=1--,1,SQL Injection,0.9703235030174255,1.8721000001278298
2026-06-20T18:32:28.690554,admin' --,1,SQL Injection,0.9444283246994019,1.5584000002490939
2026-06-20T18:32:28.698085,' OR 'a'='a,1,SQL Injection,0.9703235030174255,1.864699999714503
2026-06-20T18:32:28.724627,' OR 1=1--,1,SQL Injection,0.9703235030174255,1.7529000001559325
2026-06-20T18:32:28.744753,admin' --,1,SQL Injection,0.9444283246994019,4.112900000109221
2026-06-20T18:32:28.751284,' OR 'a'='a,1,SQL Injection,0.9703235030174255,1.5703999997640494
2026-06-20T18:32:28.777818,' OR 1=1--,1,SQL Injection,0.9703235030174255,1.6190999999707856
2026-06-20T18:32:28.789347,admin' --,1,SQL Injection,0.9444283246994019,1.8992000000253029
2026-06-20T18:32:28.796349,' OR 'a'='a,1,SQL Injection,0.9703235030174255,1.7983999996431521
2026-06-20T18:32:28.822417,' OR 1=1--,1,SQL Injection,0.9703235030174255,1.5741000001980865
2026-06-20T18:32:28.833925,admin' --,1,SQL Injection,0.9444283246994019,1.5804999998181302
2026-06-20T18:32:28.840409,' OR 'a'='a,1,SQL Injection,0.9703235030174255,1.5689000001657405
2026-06-20T18:32:28.866943,' OR 1=1--,1,SQL Injection,0.9703235030174255,1.6337000001840352
2026-06-20T18:32:28.878467,admin' --,1,SQL Injection,0.9444283246994019,1.828899999964051
2026-06-20T18:32:28.886471,' OR 'a'='a,1,SQL Injection,0.9703235030174255,1.711899999918387
2026-06-20T18:32:28.914186,' OR 1=1--,1,SQL Injection,0.9703235030174255,1.9136000000798958
2026-06-20T18:32:28.926196,admin' --,1,SQL Injection,0.9444283246994019,1.5477000001737906
2026-06-20T18:32:28.933215,' OR 'a'='a,1,SQL Injection,0.9703235030174255,1.5742999999019958
2026-06-20T18:32:28.961829,' OR 1=1--,1,SQL Injection,0.9703235030174255,2.2915999998076586
2026-06-20T18:32:28.974356,admin' --,1,SQL Injection,0.9444283246994019,1.7074000002139655
2026-06-20T18:32:28.990432,' OR 'a'='a,1,SQL Injection,0.9703235030174255,6.501299999854382
2026-06-20T18:32:29.018475,' OR 1=1--,1,SQL Injection,0.9703235030174255,2.0045999999638298
2026-06-20T18:32:29.031491,admin' --,1,SQL Injection,0.9444283246994019,1.843999999891821
2026-06-20T18:32:29.039015,' OR 'a'='a,1,SQL Injection,0.9703235030174255,1.6815000003589375
2026-06-20T18:32:29.066606,' OR 1=1--,1,SQL Injection,0.9703235030174255,1.8414999999549764
2026-06-20T18:32:29.079643,admin' --,1,SQL Injection,0.9444283246994019,1.7496999998911633
2026-06-20T18:32:29.088170,' OR 'a'='a,1,SQL Injection,0.9703235030174255,1.898699999856035
2026-06-20T18:32:29.115200,' OR 1=1--,1,SQL Injection,0.9703235030174255,1.9842999995489663
2026-06-20T18:32:29.131235,admin' --,1,SQL Injection,0.9444283246994019,3.7984000000506057
2026-06-20T18:32:29.137740,' OR 'a'='a,1,SQL Injection,0.9703235030174255,1.7858999999589287
2026-06-20T18:32:29.164773,' OR 1=1--,1,SQL Injection,0.9703235030174255,1.8061999999190448
2026-06-20T18:32:29.177850,admin' --,1,SQL Injection,0.9444283246994019,1.9421000001784705
2026-06-20T18:32:29.184356,' OR 'a'='a,1,SQL Injection,0.9703235030174255,2.027999999882013
2026-06-20T18:32:29.211415,' OR 1=1--,1,SQL Injection,0.9703235030174255,1.5793999996276398
2026-06-20T18:32:29.223136,admin' --,1,SQL Injection,0.9444283246994019,1.5622000000803382
2026-06-20T18:32:29.230882,' OR 'a'='a,1,SQL Injection,0.9703235030174255,1.6399999999521242
2026-06-20T18:32:29.265464,' OR 1=1--,1,SQL Injection,0.9703235030174255,1.5607999998792366
2026-06-20T18:32:29.276478,admin' --,1,SQL Injection,0.9444283246994019,1.6014000002542161
2026-06-20T18:32:29.283758,' OR 'a'='a,1,SQL Injection,0.9703235030174255,1.762700000199402
2026-06-20T18:32:29.310818,' OR 1=1--,1,SQL Injection,0.9703235030174255,1.8301999998584506
2026-06-20T18:32:29.322340,admin' --,1,SQL Injection,0.9444283246994019,1.7127000000982662
2026-06-20T18:32:29.328971,' OR 'a'='a,1,SQL Injection,0.9703235030174255,1.670399999966321
2026-06-20T18:32:29.355090,' OR 1=1--,1,SQL Injection,0.9703235030174255,1.7308999999841035
2026-06-20T18:32:29.367115,admin' --,1,SQL Injection,0.9444283246994019,1.6252000000349653
2026-06-20T18:32:29.373119,' OR 'a'='a,1,SQL Injection,0.9703235030174255,1.700400000117952
2026-06-20T18:32:29.415158,' OR 1=1--,1,SQL Injection,0.9703235030174255,1.6961000001174398
2026-06-20T18:32:29.427187,admin' --,1,SQL Injection,0.9444283246994019,1.5599999996993574
2026-06-20T18:32:29.434194,' OR 'a'='a,1,SQL Injection,0.9703235030174255,1.56779999997525
2026-06-20T18:32:29.460244,' OR 1=1--,1,SQL Injection,0.9703235030174255,1.5732000001662527
2026-06-20T18:32:29.471749,admin' --,1,SQL Injection,0.9444283246994019,1.583799999934854
2026-06-20T18:32:29.478670,' OR 'a'='a,1,SQL Injection,0.9703235030174255,1.705200000287732
2026-06-20T18:32:29.533956,' OR 1=1--,1,SQL Injection,0.9703235030174255,2.0085999999537307
2026-06-20T18:32:29.547019,admin' --,1,SQL Injection,0.9444283246994019,2.3692000004302827
2026-06-20T18:32:29.555023,' OR 'a'='a,1,SQL Injection,0.9703235030174255,1.860800000031304
2026-06-20T18:32:29.582568,' OR 1=1--,1,SQL Injection,0.9703235030174255,1.588600000104634
2026-06-20T18:32:29.594262,admin' --,1,SQL Injection,0.9444283246994019,1.9643999999061634
2026-06-20T18:32:29.600769,' OR 'a'='a,1,SQL Injection,0.9703235030174255,1.8070999999508786
2026-06-20T18:32:29.629832,' OR 1=1--,1,SQL Injection,0.9703235030174255,2.037300000210962
2026-06-20T18:32:29.641353,admin' --,1,SQL Injection,0.9444283246994019,1.6480999997838808
2026-06-20T18:32:29.648860,' OR 'a'='a,1,SQL Injection,0.9703235030174255,1.652399999784393
2026-06-20T18:32:29.674891,' OR 1=1--,1,SQL Injection,0.9703235030174255,1.6402999999627355
2026-06-20T18:32:29.686929,admin' --,1,SQL Injection,0.9444283246994019,1.914299999953073
2026-06-20T18:32:29.693935,' OR 'a'='a,1,SQL Injection,0.9703235030174255,1.596999999947002
2026-06-20T18:32:29.719990,' OR 1=1--,1,SQL Injection,0.9703235030174255,1.9244999998591084
2026-06-20T18:32:29.732518,admin' --,1,SQL Injection,0.9444283246994019,1.634100000046601
2026-06-20T18:32:29.744044,' OR 'a'='a,1,SQL Injection,0.9703235030174255,4.652200000236917
2026-06-20T18:32:29.784662,' OR 1=1--,1,SQL Injection,0.9703235030174255,1.5957000000526023
2026-06-20T18:32:29.796192,admin' --,1,SQL Injection,0.9444283246994019,1.758599999902799
2026-06-20T18:32:29.802765,' OR 'a'='a,1,SQL Injection,0.9703235030174255,1.8182999997407023
2026-06-20T18:32:29.830342,' OR 1=1--,1,SQL Injection,0.9703235030174255,1.8340000001444423
2026-06-20T18:32:29.842851,admin' --,1,SQL Injection,0.9444283246994019,2.0322999998825253
2026-06-20T18:32:29.852388,' OR 'a'='a,1,SQL Injection,0.9703235030174255,2.9163999997763312
2026-06-20T18:32:29.909000,' OR 1=1--,1,SQL Injection,0.9703235030174255,2.2811999997429666
2026-06-20T18:32:29.942983,admin' --,1,SQL Injection,0.9444283246994019,3.7199000003056426
2026-06-20T18:32:29.951100,' OR 'a'='a,1,SQL Injection,0.9703235030174255,2.264800000375544
2026-06-20T18:32:30.011780,' OR 1=1--,1,SQL Injection,0.9703235030174255,3.015099999629456
2026-06-20T18:32:30.024305,admin' --,1,SQL Injection,0.9444283246994019,1.7922999995789723
2026-06-20T18:32:30.031813,' OR 'a'='a,1,SQL Injection,0.9703235030174255,1.922400000239577
2026-06-20T18:32:30.059367,' OR 1=1--,1,SQL Injection,0.9703235030174255,2.0995999998376647
2026-06-20T18:32:30.072879,admin' --,1,SQL Injection,0.9444283246994019,1.9922999999835156
2026-06-20T18:32:30.080404,' OR 'a'='a,1,SQL Injection,0.9703235030174255,1.8867999997382867
2026-06-20T18:32:30.104937,' OR 1=1--,1,SQL Injection,0.9703235030174255,1.581500000156666
2026-06-20T18:32:30.117488,admin' --,1,SQL Injection,0.9444283246994019,1.5689000001657405
2026-06-20T18:32:30.124493,' OR 'a'='a,1,SQL Injection,0.9703235030174255,1.657700000123441
2026-06-20T18:32:30.150027,' OR 1=1--,1,SQL Injection,0.9703235030174255,1.7261000002690707
2026-06-20T18:32:30.161534,admin' --,1,SQL Injection,0.9444283246994019,1.5759999996589613
2026-06-20T18:32:30.167557,' OR 'a'='a,1,SQL Injection,0.9703235030174255,1.6085000002021843
2026-06-20T18:32:30.193684,' OR 1=1--,1,SQL Injection,0.9703235030174255,1.5742999999019958
2026-06-20T18:32:30.207257,admin' --,1,SQL Injection,0.9444283246994019,1.8251999999847612
2026-06-20T18:32:30.213260,' OR 'a'='a,1,SQL Injection,0.9703235030174255,1.6740999999456108
2026-06-20T18:32:30.241804,' OR 1=1--,1,SQL Injection,0.9703235030174255,3.0379999998331186
2026-06-20T18:32:30.276361,admin' --,1,SQL Injection,0.9444283246994019,1.7560999999659543
2026-06-20T18:32:30.283869,' OR 'a'='a,1,SQL Injection,0.9703235030174255,1.6335000000253785
2026-06-20T18:32:30.309909,' OR 1=1--,1,SQL Injection,0.9703235030174255,1.83999999990192
2026-06-20T18:32:30.322436,admin' --,1,SQL Injection,0.9444283246994019,1.9535999999789055
2026-06-20T18:32:30.328945,' OR 'a'='a,1,SQL Injection,0.9703235030174255,1.7686999999568798
2026-06-20T18:32:30.354984,' OR 1=1--,1,SQL Injection,0.9703235030174255,1.5716000002612418
2026-06-20T18:32:30.367026,admin' --,1,SQL Injection,0.9444283246994019,1.6452999998364248
2026-06-20T18:32:30.374030,' OR 'a'='a,1,SQL Injection,0.9703235030174255,1.6495000004397298
2026-06-20T18:32:30.400571,' OR 1=1--,1,SQL Injection,0.9703235030174255,1.6424000000370143
2026-06-20T18:32:30.412601,admin' --,1,SQL Injection,0.9444283246994019,1.5738000001874752
2026-06-20T18:32:30.419123,' OR 'a'='a,1,SQL Injection,0.9703235030174255,1.6211000001931097
2026-06-20T18:32:30.446655,' OR 1=1--,1,SQL Injection,0.9703235030174255,1.5812999999980093
2026-06-20T18:32:30.459182,admin' --,1,SQL Injection,0.9444283246994019,1.8199999999524152
2026-06-20T18:32:30.466183,' OR 'a'='a,1,SQL Injection,0.9703235030174255,1.7612999999983003
2026-06-20T18:32:30.504314,' OR 1=1--,1,SQL Injection,0.9703235030174255,3.84219999978086
2026-06-20T18:32:30.514816,admin' --,1,SQL Injection,0.9444283246994019,1.543500000025233
2026-06-20T18:32:30.522349,' OR 'a'='a,1,SQL Injection,0.9703235030174255,1.6808999998829677
2026-06-20T18:32:30.550414,' OR 1=1--,1,SQL Injection,0.9703235030174255,1.6055000000960717
2026-06-20T18:32:30.562923,admin' --,1,SQL Injection,0.9444283246994019,1.6892999997253355
2026-06-20T18:32:30.587471,' OR 'a'='a,1,SQL Injection,0.9703235030174255,1.8840999996427854
2026-06-20T18:32:30.615159,' OR 1=1--,1,SQL Injection,0.9703235030174255,1.902199999676668
2026-06-20T18:32:30.627189,admin' --,1,SQL Injection,0.9444283246994019,1.5788999999131192
2026-06-20T18:32:30.634193,' OR 'a'='a,1,SQL Injection,0.9703235030174255,1.642100000026403
2026-06-20T18:32:30.660778,' OR 1=1--,1,SQL Injection,0.9703235030174255,1.5973999998095678
2026-06-20T18:32:30.672301,admin' --,1,SQL Injection,0.9444283246994019,1.6262999997707084
2026-06-20T18:32:30.679371,' OR 'a'='a,1,SQL Injection,0.9703235030174255,2.358099999582919
2026-06-20T18:32:30.704981,' OR 1=1--,1,SQL Injection,0.9703235030174255,1.7335999996248574
2026-06-20T18:32:30.717027,admin' --,1,SQL Injection,0.9444283246994019,1.5940000002956367
2026-06-20T18:32:30.725032,' OR 'a'='a,1,SQL Injection,0.9703235030174255,1.7346999998153478
2026-06-20T18:32:30.761272,' OR 1=1--,1,SQL Injection,0.9703235030174255,2.108199999838689
2026-06-20T18:32:30.772780,admin' --,1,SQL Injection,0.9444283246994019,1.649700000143639
2026-06-20T18:32:30.779302,' OR 'a'='a,1,SQL Injection,0.9703235030174255,1.5897999996923318
2026-06-20T18:32:30.804845,' OR 1=1--,1,SQL Injection,0.9703235030174255,1.6121000003295194
2026-06-20T18:32:30.816866,admin' --,1,SQL Injection,0.9444283246994019,1.7609000001357344
2026-06-20T18:32:30.824871,' OR 'a'='a,1,SQL Injection,0.9703235030174255,1.8170999996982573
2026-06-20T18:32:30.852162,' OR 1=1--,1,SQL Injection,0.9703235030174255,1.952999999957683
2026-06-20T18:32:30.913334,admin' --,1,SQL Injection,0.9444283246994019,51.23490000005404
2026-06-20T18:32:30.919840,' OR 'a'='a,1,SQL Injection,0.9703235030174255,1.6832999999678577
2026-06-20T18:32:30.946383,' OR 1=1--,1,SQL Injection,0.9703235030174255,1.9965999999840278
2026-06-20T18:32:30.959006,admin' --,1,SQL Injection,0.9444283246994019,1.6701999998076644
2026-06-20T18:32:30.966509,' OR 'a'='a,1,SQL Injection,0.9703235030174255,1.5838999997868086
2026-06-20T18:32:30.997244,' OR 1=1--,1,SQL Injection,0.9703235030174255,4.465799999707087
2026-06-20T18:32:31.012339,admin' --,1,SQL Injection,0.9444283246994019,1.8036999999822
2026-06-20T18:32:31.019845,' OR 'a'='a,1,SQL Injection,0.9703235030174255,1.6519000000698725
2026-06-20T18:32:31.046383,' OR 1=1--,1,SQL Injection,0.9703235030174255,1.692299999831448
2026-06-20T18:32:31.060915,admin' --,1,SQL Injection,0.9444283246994019,2.6170999999521882
2026-06-20T18:32:31.068436,' OR 'a'='a,1,SQL Injection,0.9703235030174255,1.7597000000932894
2026-06-20T18:32:31.096975,' OR 1=1--,1,SQL Injection,0.9703235030174255,1.6166000000339409
2026-06-20T18:32:31.112022,admin' --,1,SQL Injection,0.9444283246994019,2.499499999885302
2026-06-20T18:32:31.119531,' OR 'a'='a,1,SQL Injection,0.9703235030174255,2.0131000001128996
2026-06-20T18:32:31.150094,' OR 1=1--,1,SQL Injection,0.9703235030174255,1.8254000001434179
2026-06-20T18:32:31.162606,admin' --,1,SQL Injection,0.9444283246994019,1.7157000002043787
2026-06-20T18:32:31.170135,' OR 'a'='a,1,SQL Injection,0.9703235030174255,2.308999999968364
2026-06-20T18:32:31.199694,' OR 1=1--,1,SQL Injection,0.9703235030174255,1.8678000001273176
2026-06-20T18:32:31.212220,admin' --,1,SQL Injection,0.9444283246994019,1.9442999996499566
2026-06-20T18:32:31.219729,' OR 'a'='a,1,SQL Injection,0.9703235030174255,1.9672000003083667
2026-06-20T18:32:31.250834,' OR 1=1--,1,SQL Injection,0.9703235030174255,2.536899999995512
2026-06-20T18:32:31.269916,admin' --,1,SQL Injection,0.9444283246994019,2.5636000000304193
2026-06-20T18:32:31.277439,' OR 'a'='a,1,SQL Injection,0.9703235030174255,1.6857000000527478
2026-06-20T18:32:31.304976,' OR 1=1--,1,SQL Injection,0.9703235030174255,1.8749000000752858
2026-06-20T18:32:31.318081,admin' --,1,SQL Injection,0.9444283246994019,1.7715999997562903
2026-06-20T18:32:31.325084,' OR 'a'='a,1,SQL Injection,0.9703235030174255,1.709200000277633
2026-06-20T18:32:31.350623,' OR 1=1--,1,SQL Injection,0.9703235030174255,1.6949000000749948
2026-06-20T18:32:31.363148,admin' --,1,SQL Injection,0.9444283246994019,1.58659999988231
2026-06-20T18:32:31.369692,' OR 'a'='a,1,SQL Injection,0.9703235030174255,1.7127000000982662
2026-06-20T18:32:31.396225,' OR 1=1--,1,SQL Injection,0.9703235030174255,1.5923999999358784
2026-06-20T18:32:31.408267,admin' --,1,SQL Injection,0.9444283246994019,1.6961000001174398
2026-06-20T18:32:31.415270,' OR 'a'='a,1,SQL Injection,0.9703235030174255,1.8089999998665007
2026-06-20T18:32:31.441810,' OR 1=1--,1,SQL Injection,0.9703235030174255,1.7023000000335742
2026-06-20T18:32:31.453508,admin' --,1,SQL Injection,0.9444283246994019,1.5640000001440058
2026-06-20T18:32:31.460035,' OR 'a'='a,1,SQL Injection,0.9703235030174255,1.6003000000637257
2026-06-20T18:32:31.486970,' OR 1=1--,1,SQL Injection,0.9703235030174255,1.608600000054139
2026-06-20T18:32:31.528589,admin' --,1,SQL Injection,0.9444283246994019,2.0724999999401916
2026-06-20T18:32:31.534591,' OR 'a'='a,1,SQL Injection,0.9703235030174255,1.6466000001855718
2026-06-20T18:32:31.563738,' OR 1=1--,1,SQL Injection,0.9703235030174255,1.7950999999811756
2026-06-20T18:32:31.576269,admin' --,1,SQL Injection,0.9444283246994019,1.6796999998405227
2026-06-20T18:32:31.582776,' OR 'a'='a,1,SQL Injection,0.9703235030174255,1.6015000001061708
2026-06-20T18:32:31.610795,' OR 1=1--,1,SQL Injection,0.9703235030174255,2.1009000001868117
2026-06-20T18:32:31.623317,admin' --,1,SQL Injection,0.9444283246994019,1.9723000000340107
2026-06-20T18:32:31.629823,' OR 'a'='a,1,SQL Injection,0.9703235030174255,1.9257000003563007
2026-06-20T18:32:31.657372,' OR 1=1--,1,SQL Injection,0.9703235030174255,1.879200000075798
2026-06-20T18:32:31.669888,admin' --,1,SQL Injection,0.9444283246994019,2.0104000000173983
2026-06-20T18:32:31.677419,' OR 'a'='a,1,SQL Injection,0.9703235030174255,2.04440000015893
2026-06-20T18:32:31.704456,' OR 1=1--,1,SQL Injection,0.9703235030174255,1.6021000001273933
2026-06-20T18:32:31.716486,admin' --,1,SQL Injection,0.9444283246994019,1.6064000001279055
2026-06-20T18:32:31.722994,' OR 'a'='a,1,SQL Injection,0.9703235030174255,1.6732999997657316
2026-06-20T18:32:31.763267,' OR 1=1--,1,SQL Injection,0.9703235030174255,1.7947999999705644
2026-06-20T18:32:31.775406,admin' --,1,SQL Injection,0.9444283246994019,1.7283000001953042
2026-06-20T18:32:31.781915,' OR 'a'='a,1,SQL Injection,0.9703235030174255,1.8039999999928114
2026-06-20T18:32:31.808955,' OR 1=1--,1,SQL Injection,0.9703235030174255,1.8744999997579725
2026-06-20T18:32:31.820482,admin' --,1,SQL Injection,0.9444283246994019,1.6150999999808846
2026-06-20T18:32:31.827430,' OR 'a'='a,1,SQL Injection,0.9703235030174255,1.5996000001905486
2026-06-20T18:32:31.854472,' OR 1=1--,1,SQL Injection,0.9703235030174255,1.5937999996822327
2026-06-20T18:32:31.866481,admin' --,1,SQL Injection,0.9444283246994019,1.6855999997460458
2026-06-20T18:32:31.873507,' OR 'a'='a,1,SQL Injection,0.9703235030174255,1.8138999998882355
2026-06-20T18:32:31.915464,' OR 1=1--,1,SQL Injection,0.9703235030174255,1.577500000166765
2026-06-20T18:32:31.930981,admin' --,1,SQL Injection,0.9444283246994019,1.7163000002256013
2026-06-20T18:32:31.940524,' OR 'a'='a,1,SQL Injection,0.9703235030174255,1.8806000002768997
2026-06-20T18:32:31.983131,' OR 1=1--,1,SQL Injection,0.9703235030174255,2.2183000000950415
2026-06-20T18:32:32.018660,admin' --,1,SQL Injection,0.9444283246994019,4.0380999998888
2026-06-20T18:32:32.028197,' OR 'a'='a,1,SQL Injection,0.9703235030174255,2.7979000001323584
2026-06-20T18:32:32.069489,' OR 1=1--,1,SQL Injection,0.9703235030174255,2.034200000252895
2026-06-20T18:32:32.104052,admin' --,1,SQL Injection,0.9444283246994019,2.6652999999896565
2026-06-20T18:32:32.115100,' OR 'a'='a,1,SQL Injection,0.9703235030174255,3.3004000001710665
2026-06-20T18:32:32.153174,' OR 1=1--,1,SQL Injection,0.9703235030174255,2.5043999999070365
2026-06-20T18:32:32.169207,admin' --,1,SQL Injection,0.9444283246994019,2.3289000000659144
2026-06-20T18:32:32.176710,' OR 'a'='a,1,SQL Injection,0.9703235030174255,1.8454999999448773
2026-06-20T18:32:32.206314,' OR 1=1--,1,SQL Injection,0.9703235030174255,1.6906000000744825
2026-06-20T18:32:32.219836,admin' --,1,SQL Injection,0.9444283246994019,2.0996999996896193
2026-06-20T18:32:32.226830,' OR 'a'='a,1,SQL Injection,0.9703235030174255,1.8184000000474043
2026-06-20T18:32:32.262424,' OR 1=1--,1,SQL Injection,0.9703235030174255,3.1312000000980333
2026-06-20T18:32:32.274933,admin' --,1,SQL Injection,0.9444283246994019,1.7708000000311586
2026-06-20T18:32:32.282467,' OR 'a'='a,1,SQL Injection,0.9703235030174255,1.8219000003227848
2026-06-20T18:32:32.310514,' OR 1=1--,1,SQL Injection,0.9703235030174255,1.9224999996367842
2026-06-20T18:32:32.323046,admin' --,1,SQL Injection,0.9444283246994019,1.769399999830057
2026-06-20T18:32:32.329553,' OR 'a'='a,1,SQL Injection,0.9703235030174255,1.920700000027864
2026-06-20T18:32:32.358119,' OR 1=1--,1,SQL Injection,0.9703235030174255,1.794899999822519
2026-06-20T18:32:32.370628,admin' --,1,SQL Injection,0.9444283246994019,1.6863000000739703
2026-06-20T18:32:32.377163,' OR 'a'='a,1,SQL Injection,0.9703235030174255,1.7904000001180975
2026-06-20T18:32:32.405199,' OR 1=1--,1,SQL Injection,0.9703235030174255,1.6973000001598848
2026-06-20T18:32:32.417234,admin' --,1,SQL Injection,0.9444283246994019,1.660399999764195
2026-06-20T18:32:32.424238,' OR 'a'='a,1,SQL Injection,0.9703235030174255,1.7096999999921536
2026-06-20T18:32:32.451776,' OR 1=1--,1,SQL Injection,0.9703235030174255,1.7143999998552317
2026-06-20T18:32:32.464307,admin' --,1,SQL Injection,0.9444283246994019,1.6896000001906941
2026-06-20T18:32:32.471814,' OR 'a'='a,1,SQL Injection,0.9703235030174255,1.6476999999213149
2026-06-20T18:32:32.506944,' OR 1=1--,1,SQL Injection,0.9703235030174255,4.555399999844667
2026-06-20T18:32:32.520473,admin' --,1,SQL Injection,0.9444283246994019,1.8079999999827123
2026-06-20T18:32:32.526976,' OR 'a'='a,1,SQL Injection,0.9703235030174255,1.698800000212941
2026-06-20T18:32:32.555036,' OR 1=1--,1,SQL Injection,0.9703235030174255,1.6180000002350425
2026-06-20T18:32:32.567065,admin' --,1,SQL Injection,0.9444283246994019,1.8484000001990353
2026-06-20T18:32:32.574072,' OR 'a'='a,1,SQL Injection,0.9703235030174255,1.7867999999907624
2026-06-20T18:32:32.601622,' OR 1=1--,1,SQL Injection,0.9703235030174255,1.7206000002261135
2026-06-20T18:32:32.614674,admin' --,1,SQL Injection,0.9444283246994019,1.8148999997720239
2026-06-20T18:32:32.622204,' OR 'a'='a,1,SQL Injection,0.9703235030174255,1.9299999999020656
2026-06-20T18:32:32.650264,' OR 1=1--,1,SQL Injection,0.9703235030174255,1.8446999997649982
2026-06-20T18:32:32.662773,admin' --,1,SQL Injection,0.9444283246994019,1.740700000027573
2026-06-20T18:32:32.669295,' OR 'a'='a,1,SQL Injection,0.9703235030174255,1.9163000001753971
2026-06-20T18:32:32.698359,' OR 1=1--,1,SQL Injection,0.9703235030174255,1.8892999996751314
2026-06-20T18:32:32.711885,admin' --,1,SQL Injection,0.9444283246994019,2.291499999955704
2026-06-20T18:32:32.720414,' OR 'a'='a,1,SQL Injection,0.9703235030174255,2.2702000001117995
2026-06-20T18:32:32.749954,' OR 1=1--,1,SQL Injection,0.9703235030174255,1.9342000000506232
2026-06-20T18:32:32.771013,admin' --,1,SQL Injection,0.9444283246994019,3.067900000132795
2026-06-20T18:32:32.777536,' OR 'a'='a,1,SQL Injection,0.9703235030174255,1.6985000002023298
2026-06-20T18:32:32.808593,' OR 1=1--,1,SQL Injection,0.9703235030174255,1.857300000210671
2026-06-20T18:32:32.822128,admin' --,1,SQL Injection,0.9444283246994019,1.947699999618635
2026-06-20T18:32:32.830638,' OR 'a'='a,1,SQL Injection,0.9703235030174255,2.0472999999583408
2026-06-20T18:32:32.860207,' OR 1=1--,1,SQL Injection,0.9703235030174255,2.0233999998708896
2026-06-20T18:32:32.872715,admin' --,1,SQL Injection,0.9444283246994019,2.1205000002737506
2026-06-20T18:32:32.880241,' OR 'a'='a,1,SQL Injection,0.9703235030174255,2.287499999965803
2026-06-20T18:32:32.911306,' OR 1=1--,1,SQL Injection,0.9703235030174255,1.7496000000392087
2026-06-20T18:32:32.924815,admin' --,1,SQL Injection,0.9444283246994019,1.8913999997494102
2026-06-20T18:32:32.932347,' OR 'a'='a,1,SQL Injection,0.9703235030174255,1.6961999999693944
2026-06-20T18:32:32.961904,' OR 1=1--,1,SQL Injection,0.9703235030174255,2.218399999946996
2026-06-20T18:32:32.976012,admin' --,1,SQL Injection,0.9444283246994019,2.0075000002179877
2026-06-20T18:32:32.984037,' OR 'a'='a,1,SQL Injection,0.9703235030174255,2.21559999999954
2026-06-20T18:32:33.039298,' OR 1=1--,1,SQL Injection,0.9703235030174255,3.073500000027707
2026-06-20T18:32:33.057826,admin' --,1,SQL Injection,0.9444283246994019,1.8567000001894485
2026-06-20T18:32:33.066334,' OR 'a'='a,1,SQL Injection,0.9703235030174255,1.656500000080996
2026-06-20T18:32:33.100904,' OR 1=1--,1,SQL Injection,0.9703235030174255,2.277200000207813
2026-06-20T18:32:33.116425,admin' --,1,SQL Injection,0.9444283246994019,2.2830000002613815
2026-06-20T18:32:33.125476,' OR 'a'='a,1,SQL Injection,0.9703235030174255,1.8084000003000256
2026-06-20T18:32:33.160550,' OR 1=1--,1,SQL Injection,0.9703235030174255,2.379800000198884
2026-06-20T18:32:33.173157,admin' --,1,SQL Injection,0.9444283246994019,1.6274999998131534
2026-06-20T18:32:33.179663,' OR 'a'='a,1,SQL Injection,0.9703235030174255,1.713499999823398
2026-06-20T18:32:33.206197,' OR 1=1--,1,SQL Injection,0.9703235030174255,1.8043999998553772
2026-06-20T18:32:33.219266,admin' --,1,SQL Injection,0.9444283246994019,2.044299999852228
2026-06-20T18:32:33.248802,' OR 'a'='a,1,SQL Injection,0.9703235030174255,1.8758000001071196
2026-06-20T18:33:33.626268,' OR 1=1--,1,SQL Injection,0.9703235030174255,1.530699999875651
2026-06-20T18:33:33.641220,' OR 'a'='a,1,SQL Injection,0.9703235030174255,6.380799999988085
2026-06-20T18:33:33.651464,admin' --,1,SQL Injection,0.9444283246994019,2.0763000002261833
2026-06-20T18:33:33.664216,"' UNION SELECT NULL, NULL--",1,SQL Injection,0.6293693780899048,1.6402000001107808
2026-06-20T18:33:33.682105,' OR 1=1#,1,SQL Injection,0.9703235030174255,2.0681999999396794
2026-06-20T18:33:33.689619,""" OR ""1""=""1",1,SQL Injection,0.9703235030174255,1.816899999994348
2026-06-20T18:33:33.696776,' OR sleep(5)--,1,SQL Injection,0.9128342270851135,1.5547999996670114
2026-06-20T18:33:33.721019,"' UNION SELECT database(), user()--",1,SQL Injection,0.7550090551376343,2.1530999997594336
2026-06-20T18:33:33.734269,1 OR 1=1,1,SQL Injection,0.9703235030174255,2.117799999723502
2026-06-20T18:33:33.752255,' OR 1=1 LIMIT 1--,1,SQL Injection,0.9128342270851135,1.5816000000086206
2026-06-20T18:33:33.759763,' OR 'x'='x'--,1,SQL Injection,0.9703235030174255,1.5558999998575018
